Key	default	en	de	ja	pl	es	fr	zh-Hans	it	ko	pt	ru	uk	ca	zh	cs	da	nl	et	fi	el	hu	no	pt-BR	ro	sk	es-419	sv	tr
Language Name En	Default	English	German	Japanese	Polish	Spanish	French	ChineseSimplified	Italian	Korean	Portuguese	Russian	Ukrainian	Catalan	ChineseTraditional	Czech	Danish	Dutch	Estonian	Finnish	Greek	Hungarian	Norwegian	PortugueseBrazilian	Romanian	Slovak	SpanishLatin	Swedish	Turkish
AbilityDef&APM_Absorb.label	Recycle Biomass							回收生物质				Переработка биомассы	Переробка біомаси		回收生物質														
AbilityDef&APM_Absorb.description	Grind up a fresh organic corpse or ingestible material, and slowly process it into chemfuel.							磨碎新鲜的有机尸体或可摄入材料，将其缓慢加工为化学燃料。				Перемалывает свежий органический труп или съедобный материал, постепенно перерабатывая его в химическое топливо.	Перемелює свіжий органічний труп або їстівний матеріал, поступово переробляючи його на хімічне паливо.		磨碎新鮮的有機屍體或可攝入材料，將其緩慢加工為化學燃料。														
AbilityDef&APM_SwitchToPowerPlantMode.label	Power Plant Mode							发电厂模式				Режим электростанции	режим електростанції		發電廠模式														
AbilityDef&APM_SwitchToPowerPlantMode.description	Switch to power plant mode, trade mobility and shield to power local power grid.							切换至发电厂模式，将不能移动。				Переключение в режим электростанции, пожертвовав мобильностью и щитом ради питания местной электросети.	Перемкнутися в режим електростанції, пожертвувавши рухливістю й щитом заради живлення місцевої енергомережі.		切換至發電廠模式，將無法移動。														
AbilityDef&APM_SunRay.label	Sun Ray							太阳光线				Солнечный луч	сонячний промінь		太陽光線														
AbilityDef&APM_SunRay.description	The gazer blasts a devastating beam from itself, remaining stationary to keep the beam on target. Anything within reach of the beam takes heavy damage.							凝视者从自身射出毁灭性的光束，并原地不动以将光束锁定在目标身上。光束所及范围内的一切都会受到重伤。				Созерцатель испускает разрушительный луч, оставаясь неподвижным для удержания цели на мушке. Все, до чего достает луч, получает огромный урон.	Спостерігач випускає з себе спустошливий промінь, залишаючись нерухомим, щоб утримувати промінь на цілі. Все, до чого дістає промінь, зазнає величезного урону.		凝視者從自身射出毀滅性的光束，並原地不動以將光束鎖定在目標身上。光束所及範圍內的一切都會受到重傷。														
AbilityDef&APM_PulseWave.label	pulse wave							脉冲波				Импульсная волна	імпульсна хвиля		脈衝波														
AbilityDef&APM_PulseWave.description	Unleash a blinding acoustic pulse that expands out from the mech, stunning and flash-blinding living pawns caught in the wave.							从机甲向外释放一圈致盲的声脉冲，使被波及的活体小人陷入眩晕，并被闪光致盲。				Высвобождает ослепляющий акустический импульс, расходящийся от меха и оглушающий вместе с ослеплением всех попавших в зону действия существ из крови и плоти.	Вивільняє засліплюючий акустичний імпульс, що розходиться від механоїда, оглушуючи та засліплюючи спалахом живих пішаків у зоні дії хвилі.		從機甲向外釋放一圈致盲的聲脈衝，使被波及的活體小人陷入眩暈，並被閃光致盲。														
ThingDef&ApexMechanoids_DashingPawn.label	dashing							冲锋				рывок	стрімкий		衝鋒														
AbilityDef&APM_HookPawn.label	Grappling Hook							抓钩				Крюк-кошка	Гак-кішка		抓鉤														
AbilityDef&APM_HookPawn.description	The Terminus launches its grappling hook, either pulling a foe towards it or itself towards a foe depending on the bodysize of the target.							终焉射出抓钩，根据目标体型的不同，要么将敌人拉向自己，要么将自身拉向敌人。				«Терминус» выпускает крюк-кошку: в зависимости от размера цели, либо притягивает врага к себе, либо притягивается к врагу сам.	Термінус випускає свій гак-кішку: залежно від розміру цілі він або притягує ворога до себе, або сам притягується до ворога.		終焉射出抓鉤，根據目標體型的不同，要麼將敵人拉向自己，要麼將自身拉向敵人。														
ThingDef&APM_Projectile_Hook.label	hook							钩爪				крюк	гак		鉤爪														
AbilityDef&APM_ShieldCharge.label	Shield Charge							盾击冲锋				Таран щитом	Таран щитом		盾擊衝鋒														
AbilityDef&APM_ShieldCharge.description	Charge at a pawn, stunning everything hit on the way.							向一个小人发起冲锋，将沿途撞到的一切都击晕。				Броситься на пешку, оглушая все на своем пути.	Ринутися на пішку, оглушуючи все на своєму шляху.		向一個小人發起衝鋒，將沿途撞到的一切都擊暈。														
AbilityDef&APM_Bladehopp.label	Bladehopp							刃跃				Прорыв лезвий	Стрибок лез		刃躍														
AbilityDef&APM_Bladehopp.description	The mantis lunges forward, executing a brutal slash on a chosen target.							螳螂向前突进，对所选目标施以凶狠的斩击。				Совершить рывок к цели с последующей быстрой атакой.	Богомол рветься вперед, завдаючи жорстокого розмашистого удару по вибраній цілі.		螳螂向前突進，對所選目標施以兇狠的斬擊。														
AbilityDef&APM_BlindingLaser.label	Blinding Laser							致盲激光				Ослепляющий лазер	Засліплюючий лазер		致盲雷射														
AbilityDef&APM_BlindingLaser.description	Fire a laser at target, effectively blinding them for a short time.							向目标发射激光，使其在短时间内被有效致盲。				Выстрелить лазером по цели, эффективно ослепляя ее на короткое время.	Вистрілити лазером по цілі, фактично засліплюючи її на короткий час.		向目標發射雷射，使其在短時間內被有效致盲。														
HediffDef&APM_LaserBlind.label	blinded by laser							被激光致盲				ослеплён лазером	осліплений лазером		被雷射致盲														
HediffDef&APM_LaserBlind.description	Vastly reduced sight capacity due to been blinded by laser.							暴露于致盲激光后，视野大幅减弱。				Зрение резко ухудшается после воздействия ослепляющего лазера.	Здатність бачити сильно знижена через осліплення лазерним променем.		暴露於致盲雷射後，視野大幅減弱。														
AbilityDef&APM_Starfall.label	Starfall							星落				Звездопад	Зорепад		星落														
AbilityDef&APM_Starfall.description	Ravager overcharges its artillery and launches a single heavy shell that splits into three energy blasts while still in flight.							蹂躏者超载自己的火炮，发射出一枚重型炮弹，炮弹在飞行途中直接分裂为三道能量爆轰。				Опустошитель перегружает свою артиллерию и выпускает единый тяжелый снаряд, который прямо в полете разделяется на три энергетических взрыва.	Спустошувач перевантажує свою артилерію і випускає єдиний важкий снаряд, який просто в польоті розділяється на три енергетичні вибухи.		蹂躪者超載自己的火炮，發射出一枚重型炮彈，炮彈在飛行途中直接分裂為三道能量爆轟。														
AbilityDef&APM_DefenceMatrix.label	Defence Matrix							防御矩阵				Защитная матрица	захисна матриця		防禦矩陣														
AbilityDef&APM_DefenceMatrix.description	Remotely project a personal defense shield onto a same-faction pawn. The shield stops incoming damage, but also prevents shooting out. The tinker will be focused on projecting the shield.							为同派系殖民者投射个人防御护盾。护盾阻挡外来伤害，并阻止目标向外射击。				Удаленно проецирует персональный защитный щит на пешку своей фракции. Щит останавливает входящий урон, но также мешает вести стрельбу изнутри. Тинкер будет сосредоточен на поддержании щита.	Віддалено спроєктувати персональний захисний щит на дружнього персонажа. Щит зупиняє вхідний урон, але при цьому не дозволяє вести вогонь назовні. Це може бути корисним, навіть якщо щит накладено на ворога. При цьому Майстер буде повністю зосереджений на підтримці щита.		為同派系殖民者投射個人防禦護盾。護盾阻擋傷害，並阻止目標向外射擊。														
AbilityDef&APM_Ability_SteelDiscipline.label	Steel Discipline							钢铁纪律				Стальная дисциплина	сталева дисципліна		鋼鐵紀律														
AbilityDef&APM_Ability_SteelDiscipline.description	In a radius around the Vassal, its allies gain a speed boost and their mental break chance is reduced if organic. The Vassal's commanding presence inspires those nearby with renewed purpose and fortitude.							在附庸周围的半径内，其盟友获得速度加成，若为有机体则精神崩溃几率降低。附庸的统御气场以全新的目标感与坚韧激励着身边的同伴。				В радиусе вокруг Вассала его союзники получают бонус к скорости, а их шанс нервного срыва снижается (если они органические). Командующее присутствие Вассала вдохновляет окружающих новыми силами и стойкостью.	У радіусі навколо Васала його союзники отримують бонус до швидкості, а в органічних знижується шанс нервового зриву. Командна присутність Васала надихає всіх поруч новою цілеспрямованістю та стійкістю.		在附庸周圍的半徑內，其盟友獲得速度加成，若為有機體則精神崩潰機率降低。附庸的統御氣場以全新的目標感與堅韌激勵著身邊的同伴。														
AbilityDef&APM_Ability_ToxicMist.label	Toxic Mist							剧毒迷雾				Токсичный туман	токсичний туман		劇毒迷霧														
AbilityDef&APM_Ability_ToxicMist.description	Similar to a tox pack, the haze releases tox gas around itself, enveloping the surrounding area in a toxic cloud.							与毒气包类似，迷雾向自身周围释放毒气，将周边笼罩在有毒的云雾之中。				Подобно токсичному пакету, мгла выпускает вокруг себя токсичный газ, окутывая окрестности ядовитым облаком.	Подібно до токс-пакета, завіса вивільняє навколо себе токсичний газ, огортаючи околиці отруйною хмарою.		與毒氣包類似，迷霧向自身周圍釋放毒氣，將周邊籠罩在有毒的雲霧之中。														
AbilityDef&APM_Shockwave.label	Shockwave							冲击波				Ударная волна	ударна хвиля		衝擊波														
AbilityDef&APM_Shockwave.description	An explosive wave that throws enemies within a radius for a certain distance							一道爆炸冲击波，将半径内的敌人击退一段距离。				Взрывная волна, отбрасывающая врагов в пределах определенного радиуса на некоторое расстояние.	Вибухова хвиля, що відкидає ворогів у межах певного радіуса на деяку відстань.		一道爆炸衝擊波，將半徑內的敵人擊退一段距離。														
BodyDef&APM_Aegis.label	Aegis							神盾				эгида	егіда		神盾														
BodyPartGroupDef&APM_LeftAegisShield.label	left shield							左盾牌				левый щит	лівий щит		左盾牌														
BodyPartGroupDef&APM_RightAegisShield.label	right shield							右盾牌				правый щит	правий щит		右盾牌														
BodyPartDef&APM_AegisShield.label	shield							盾牌				щит	щит		盾牌														
BodyDef&APM_Celerus.label	celerus							疾风				целерус	целерус		疾風														
BodyDef&APM_Conqueror.label	conqueror							征服者				завоеватель	завойовник		征服者														
BodyDef&APM_Dominus.label	dominus							主宰				доминус	домінус		主宰														
BodyDef&APM_Dynamo.label	dynamo							迪纳摩				динамо	динамо		迪納摩														
BodyPartDef&APM_DynamoBody.label	body							机身				корпус	корпус		機身														
BodyPartDef&APM_DynamoReactor.label	power core							动力核心				силовое ядро	силове ядро		動力核心														
BodyDef&APM_Frostivus.label	frostivus							霜语者				морозус	морозус		霜語者														
BodyPartDef&APM_FrostivusBody.label	body							躯体				корпус	корпус		軀體														
BodyPartDef&APM_FrostivusCryo.label	cryo chamber							低温舱				криокамера	кріокамера		低溫艙														
BodyDef&APM_Gazer.label	gazer							凝视者				созерцатель	спостерігач		凝視者														
BodyPartDef&APM_GazerHead.label	head							头部				голова	голова		頭部														
BodyPartDef&APM_GazerCoolingSystem.label	cooling system							冷却系统				система охлаждения	система охолодження		冷卻系統														
BodyPartDef&APM_GazerLaserFocus.label	laser focus							激光聚焦器				лазерный фокусировщик	фокусуюча лінза		雷射聚焦器														
BodyPartDef&APM_GazerThorax.label	thorax							胸腔				торакс	грудний відділ		胸腔														
BodyPartDef&APM_GazerPaw.label	leg							腿				нога	нога		腿														
BodyDef&APM_Haze.label	haze							迷雾				мгла	завіса		迷霧														
BodyPartDef&APM_HazeBody.label	body							机身				корпус	корпус		機身														
BodyPartDef&APM_HazeGasVent.label	gas vent							毒气排放口				газовое сопло	газовідвід		毒氣排放口														
BodyDef&APM_Ingestor.label	ingestor							吞噬者				поглотитель	поглинач		吞噬者														
BodyPartDef&APM_IngestorBody.label	body							机身				корпус	корпус		機身														
BodyPartDef&APM_IngestorMaw.label	maw							巨口				пасть	паща		巨口														
BodyPartDef&APM_IngestorRefinery.label	organic refinery							有机物精炼器				переработчик органики	переробник органіки		有機物精煉器														
BodyDef&APM_Javelin.label	javelin							标枪				джавелин	джавелін		標槍														
BodyPartDef&APM_JavelinBody.label	body							机身				корпус	корпус		機身														
BodyPartDef&APM_JavelinHead.label	head							头部				голова	голова		頭部														
BodyPartDef&APM_JavelinRefinery.label	organic refinery							有机物精炼器				переработчик органики	переробник органіки		有機物精煉器														
BodyDef&APM_Lasher.label	lasher							鞭挞者				плеть	погонич		鞭撻者														
BodyDef&APM_Mantis.label	mantis							螳螂				богомол	богомол		螳螂														
BodyPartGroupDef&APM_LeftMantisBlade.label	left cutting claw							左切割爪				левая режущая клешня	лівий ріжучий кіготь		左切割爪														
BodyPartGroupDef&APM_RightMantisBlade.label	right cutting claw							右切割爪				правая режущая клешня	правий ріжучий кіготь		右切割爪														
BodyPartDef&APM_MantisBody.label	body							机身				корпус	корпус		機身														
BodyPartDef&APM_MantisBlade.label	cutting claw							切割爪				режущий коготь	ріжучий кіготь		切割爪														
BodyDef&APM_Maul.label	maul							巨锤				молот	кришитель		巨錘														
BodyDef&APM_Pulse.label	pulse							脉冲				импульс	імпульс		脈衝														
BodyDef&APM_Ravager.label	ravager							蹂躏者				разоритель	спустошувач		蹂躪者														
BodyPartDef&APM_RavagerBody.label	body							机身				корпус	корпус		機身														
BodyDef&APM_Satellite.label	satellite							卫星				сателлит	супутник		衛星														
BodyPartDef&APM_SatelliteHoverPack.label	hover pack							悬浮背包				левитационный ранец	левітаційний ранець		懸浮背包														
BodyDef&APM_Siren.label	siren resonant frame							海妖共鸣机体				сирена	резонансна рама сирени		海妖共鳴機體														
BodyPartDef&APM_SirenHead.label	resonance crown							共鸣王冠				резонансная корона	резонансна корона		共鳴王冠														
BodyPartDef&APM_VocalSynthesizer.label	vocal synthesizer							声学合成器				голосовой синтезатор	голосовий синтезатор		聲學合成器														
BodyPartDef&APM_PsychicResonator.label	psychic resonator							灵能共鸣器				психический резонатор	психічний резонатор		靈能共鳴器														
BodyPartDef&APM_SirenResonanceCore.label	resonance core							共鸣核心				резонансное ядро	резонансне ядро		共鳴核心														
BodyPartDef&APM_BroadcastArray.label	broadcast array							广播阵列				вещательная матрица	мовний масив		廣播陣列														
BodyDef&APM_Terminus.label	terminus							终焉				терминус	термінус		終焉														
BodyDef&APM_Tinker.label	tinker							修补匠				тинкер	майстер		修補匠														
BodyPartDef&APM_TinkerRepairModule.label	repair module							维修模块				ремонтный модуль	ремонтний модуль		維修模組														
BodyDef&APM_Vassal.label	vassal							附庸				вассал	васал		附庸														
DamageDef&APM_JavelinWarhead.label	javelin warhead							标枪弹头				боеголовка «Джавелина»	бойова частина джавеліна		標槍彈頭														
DamageDef&APM_GazerBeam.label	gazer beam							凝视者光束				луч созерцателя	вогнева позиція Спостерігача		凝視者光束														
DamageDef&APM_SunRay.label	sun ray							太阳光线				солнечный луч	сонячний промінь		太陽光線														
DamageDef&Push.label	push damage							冲击伤害				урон от толчка	поштовх		衝擊傷害														
DamageDef&APM_Shockwave.label	shockwave							冲击波				ударная волна	ударна хвиля		衝擊波														
DesignationDef&APM_IngestorAbsorbCorpse.label	recycle biomass							回收生物质				переработать биомассу	переробити біомасу		回收生物質														
ThingDef&APM_PulseWaveBlindFlash.label	pulse wave flash							脉冲波闪光				вспышка импульсной волны	спалах імпульсної хвилі		脈衝波閃光														
ThingDef&APM_ShockwaveFlash.label	shockwave flash							冲击波闪光				вспышка ударной волны	спалах ударної хвилі		衝擊波閃光														
HediffDef&APM_ApexMechanoid_Floating.label	Floating							悬浮				парение	левітація		懸浮														
HediffDef&APM_ApexMechanoid_Floating.labelNoun	Floating							悬浮				парение	ширяння		懸浮														
HediffDef&APM_ApexMechanoid_Floating.description	This mechanoid hovers above the ground, ignoring all terrain movement penalties.							这台机械体悬浮于地面之上，无视所有地形带来的移动惩罚。				Этот механоид парит над землей, игнорируя любые штрафы к скорости от ландшафта.	Цей механоїд ширяє над землею, ігноруючи будь-які штрафи до швидкості пересування від ландшафту.		這台機械體懸浮於地面之上，無視所有地形帶來的移動懲罰。														
HediffDef&APM_Hediff_Devoured.label	devoured							被吞噬				поглощён(а)	поглинання		被吞噬														
HediffDef&APM_Hediff_Devoured.description	Sealed inside a Frostivus cryo-chamber. All biological processes are suspended - no bleeding, no sickness progression, no needs.							被封入霜语者低温舱内。生物进程暂停，直到被释放。				Запечатан(а) внутри криокамеры Фростивуса. Все биологические процессы приостановлены — нет кровотечения, развития болезней и потребностей.	Запечатаний усередині кріокамери Frostivus. Біологічні процеси призупинені до випуску.		被封入霜語者低溫艙內。生物程序暫停，直到被釋放。														
HediffDef&APM_Hediff_JavelinMissileLock.label	missile lock							导弹锁定				захват цели	ракетний захват цілі		飛彈鎖定														
HediffDef&APM_Hediff_JavelinMissileLock.description	Seeker heads from a javelin missile rack have logged this target's hull profile. Every rocket that finds it again is fused to bite deeper than the last, until the lock fades.							标枪导弹发射架的导引头已记录下该目标的装甲轮廓。此后每一枚再次命中它的火箭，引信都会咬得比上一枚更深，直到锁定消退。				Головки самонаведения ракетной установки «Джавелина» зафиксировали профиль корпуса этой цели. Каждая следующая попавшая ракета проникает глубже предыдущей, пока захват не спадёт.	Головки самонаведення ракетної установки «Джавеліна» зафіксували профіль корпусу цієї цілі. Кожна наступна ракета, що влучає в неї знову, проникає глибше за попередню, доки захоплення не спаде.		標槍飛彈發射架的導引頭已記錄下該目標的裝甲輪廓。此後每一枚再次命中它的火箭，引信都會咬得比上一枚更深，直到鎖定消退。														
HediffDef&APM_Hediff_JavelinMissileLock.stages.0.label	missile lock							导弹锁定				захват цели	захоплення цілі		飛彈鎖定														
HediffDef&APM_Hediff_SteelDiscipline.label	steel discipline							钢铁纪律				стальная дисциплина	сталева дисципліна		鋼鐵紀律														
HediffDef&APM_Hediff_SteelDiscipline.description	Inspired by the Vassal's commanding presence, this unit moves with renewed purpose and mental fortitude.							受到附庸统御气场的激励，这个单位重新带着目标感与精神韧性投入行动。				Вдохновленная присутствием Вассала, эта единица двигается с новой целеустремленностью и стойкостью духа.	Натхнений командною присутністю Васала, цей підрозділ рухається з новою цілеспрямованістю та стійкістю духу.		受到附庸統御氣場的激勵，這個單位重新帶著目標感與精神韌性投入行動。														
ThoughtDef&APM_Thought_InspiredByDiscipline.stages.0.label	inspired by discipline							为纪律所激励				вдохновлён дисциплиной	натхненний дисципліною		為紀律所激勵														
ThoughtDef&APM_Thought_InspiredByDiscipline.stages.0.description	The commanding presence of our mechanical ally fills me with discipline and purpose.							我们机械盟友那统御般的存在，让我心中充满纪律与目标感。				Властное присутствие нашего механического союзника наполняет меня дисциплиной и целеустремлённостью.	Командна присутність нашого механічного союзника сповнює мене дисципліною і цілеспрямованістю.		我們機械盟友那統御般的存在，讓我心中充滿紀律與目標感。														
HediffDef&APM_Hediff_Unity.label	unity uplink							统合连接				канал единства	канал єдності		統合連接														
HediffDef&APM_Hediff_Unity.description	Conquerors are by default installed with processing units that automatically attempt to link with those of allies in the vicinity to assist each other with internal calculations, boosting their efficiency the more nearby.							征服者默认配备运算单元，会自动尝试与附近友军的运算单元建立连接，互相协助进行内部运算；周围友军越多，效率提升越明显。				Завоеватели по умолчанию оснащены вычислительными блоками, которые автоматически пытаются связываться с блоками находящихся поблизости союзников для совместных внутренних вычислений, повышая свою эффективность с каждым соседним соратником.	Завойовники штатно оснащені обчислювальними блоками, які автоматично намагаються з'єднатися з блоками союзників поблизу, щоб допомагати одне одному з внутрішніми обчисленнями, підвищуючи ефективність щоразу, як поруч опиняється ще один союзник.		征服者預設配備運算單元，會自動嘗試與附近友軍的運算單元建立連接，互相協助進行內部運算；周圍友軍越多，效率提升越明顯。														
HediffDef&APM_Hediff_Unity.stages.1.label	calculation link (minimal)							运算连接（最低）				вычислительная связь (минимальная)	обчислювальний зв'язок (мінімальний)		運算連接（最低）														
HediffDef&APM_Hediff_Unity.stages.2.label	calculation link (low sync)							运算连接（低同步）				вычислительная связь (слабая синхронизация)	обчислювальний зв'язок (слабка синхронізація)		運算連接（低同步）														
HediffDef&APM_Hediff_Unity.stages.3.label	calculation link (medium sync)							运算连接（中同步）				вычислительная связь (средняя синхронизация)	обчислювальний зв'язок (середня синхронізація)		運算連接（中同步）														
HediffDef&APM_Hediff_Unity.stages.4.label	calculation link (distributed)							运算连接（分布式）				вычислительная связь (распределенная)	обчислювальний зв'язок (розподілений)		運算連接（分散式）														
HediffDef&APM_Hediff_Unity.stages.5.label	calculation link (high sync)							运算连接（高同步）				вычислительная связь (высокая синхронизация)	обчислювальний зв'язок (висока синхронізація)		運算連接（高同步）														
HediffDef&APM_Hediff_Unity.stages.6.label	calculation link (optimized)							运算连接（已优化）				вычислительная связь (оптимизированная)	обчислювальний зв'язок (оптимізований)		運算連接（已最佳化）														
HediffDef&APM_Hediff_Unity.stages.7.label	calculation link (peak efficiency)							运算连接（峰值效率）				вычислительная связь (пиковая эффективность)	обчислювальний зв'язок (пікова ефективність)		運算連接（峰值效率）														
HediffDef&APM_ApexMechanoid_HealOnKills.label	Vampiric Mechanites							嗜血机械微粒				вампирические механиты	вампіричні механіти		嗜血機械微粒														
HediffDef&APM_ApexMechanoid_HealOnKills.labelNoun	Vampiric							吸血				вампиризм	вампіризм		吸血														
HediffDef&APM_ApexMechanoid_HealOnKills.description	These mechanites bank charges whenever their host downs or kills a target, then spend those charges to self-repair when the host is damaged.							每当宿主击倒或击杀一个目标，这些纳米机械体就会积攒充能，并在宿主受伤时消耗充能进行自我修复。				Эти механиты накапливают заряды каждый раз, когда их носитель низвергает или убивает цель, а затем расходуют их на саморемонт при получении урона.	Ці механіти накопичують заряди щоразу, коли їхній носій звалює або вбиває ціль, а потім витрачають їх на саморемонт, коли носій зазнає пошкоджень.		每當宿主擊倒或擊殺一個目標，這些奈米機械體就會積攢充能，並在宿主受傷時消耗充能進行自我修復。														
HediffDef&APM_AbsorbedThing.label	recycling biomass							回收生物质中				переработка биомассы	переробка біомаси		回收生物質中														
HediffDef&APM_AbsorbedThing.description	Processing absorbed biomass into chemfuel.							将吸收的生物质加工成化学燃料。				Переработка поглощённой биомассы в химтопливо.	Переробка поглинутої біомаси на хімпаливо.		將吸收的生物質加工成化學燃料。														
HediffDef&APM_CelerusSmokescreenBuff.label	Smokescreen							烟幕				дымовая завеса	димова завіса		煙幕														
HediffDef&APM_CelerusSmokescreenBuff.description	Celerus hiding in smoke							疾风藏身于烟幕之中。				Целерус скрывается в дыму.	Целерус ховається в диму.		疾風藏身於煙幕之中。														
HediffDef&APM_InDuel.label	in duel							决斗中				в дуэли	у поєдинку		決鬥中														
HediffDef&APM_InDuel.description	Locked in a duel. A shield arena has been conjured around both combatants, blocking all ranged attacks and abilities for the duration. Incoming damage is greatly increased to force decisive action — the duel is meant to end quickly and brutally. All healing is suppressed within the arena, save for what little may be drawn from striking the enemy. Should either combatant be downed or slain, the survivor claims victory. Should time expire with both still standing, the duel ends in a draw — and both pay the price.							已锁定于决斗之中。双方斗士周围已生成一座护盾竞技场，期间所有远程攻击与能力都被封锁。所受伤害大幅提高，以迫使双方做出决断——决斗本就该迅速而残酷地结束。竞技场内的一切治疗都被压制，唯有从打击敌人中汲取的少量回复除外。若任何一方被击倒或杀死，幸存者即宣告胜利；若时间耗尽时双方仍屹立不倒，则决斗以平局收场——双方都将为此付出代价。				Учавствует(а) в дуэли. Вокруг обоих бойцов сотворен защитный купол, блокирующий все дальние атаки и способности на время поединка. Входящий урон значительно увеличен, чтобы принудить к решительным действиям — дуэль должна завершиться быстро и жестоко. Любое лечение внутри арены подавлено, за исключением того малого количества, что высасывается при ударах по врагу. Если один из участников повержен или убит, выживший побеждает. Если время истечет, а оба всё еще стоят на ногах, дуэль закончится ничьей — и оба заплатят свою цену.	«Випробування поєдинком» кидає виклик вибраному ворожому персонажу, змушуючи опонентів на короткий час вступити в ближній бій. Здібності та далекі атаки вимикаються. Навколо учасників поєдинку на час дії здібності автоматично створюється візуальна «арена». Інші персонажі не можуть обирати учасників поєдинку своєю ціллю. Якщо один із опонентів гине в поєдинку, переможець отримує потужний тимчасовий бонус. Якщо поєдинок не завершується смертю (час вийшов), обидва учасники отримують значний штраф. Учасники поєдинку отримують періодичний урон кожну секунду поєдинку. Це заохочує агресію й гарантує, що поєдинок рідко закінчується «нічиєю» за часом. Будь-яке відновлення здоров'я учасників під час поєдинку заблоковано (за винятком можливого вампіризму від атак).		已鎖定於決鬥之中。雙方鬥士周圍已生成一座護盾競技場，期間所有遠程攻擊與能力都被封鎖。所受傷害大幅提高，以迫使雙方做出決斷——決鬥本就該迅速而殘酷地結束。競技場內的一切治療都被壓制，唯有從打擊敵人中汲取的少量回復除外。若任何一方被擊倒或殺死，倖存者即宣告勝利；若時間耗盡時雙方仍屹立不倒，則決鬥以平局收場——雙方都將為此付出代價。														
HediffDef&APM_DuelWinner.label	duel winner							决斗胜利者				победитель дуэли	переможець поєдинку		決鬥勝利者														
HediffDef&APM_DuelWinner.description	This combatant has emerged victorious from the arena. Each duel won sharpens their edge — reflexes quicken, strikes land harder and the enemy's blows are turned aside with growing ease. The longer this warrior's unbroken winning streak the more formidable they become. The glory fades with time but the memory of victory lingers.							这名斗士已在竞技场中胜出。每赢下一场决斗都会让他的锋芒更加锐利——反应更快、打击更重，敌人的攻击也愈发容易被挡开。连胜的场次越长，这名战士就越发可畏。荣光会随时间褪去，但胜利的余韵仍在。				Этот боец вышел победителем из арены. Каждая выигранная дуэль оттачивает его мастерство — рефлексы ускоряются, удары становятся сильнее, а вражеские выпады отражаются всё проще. Чем длиннее неразрывная серия побед, тем опаснее становится этот воин. Слава со временем угасает, но память о победе остается.	Цей боєць вийшов переможцем з арени. Кожен виграний поєдинок відточує його майстерність: рефлекси пришвидшуються, удари стають сильнішими, а ворожі випади дедалі легше відбивати. Що довша безперервна серія перемог цього воїна, то грізнішим він стає. Слава з часом згасає, але пам'ять про перемогу лишається.		這名鬥士已在競技場中勝出。每贏下一場決鬥都會讓他的鋒芒更加銳利——反應更快、打擊更重，敵人的攻擊也愈發容易被擋開。連勝的場次越長，這名戰士就越發可畏。榮光會隨時間褪去，但勝利的餘韻仍在。														
HediffDef&APM_DuelWinner.stages.0.label	stolen thread (1 win)							窃线（1 胜）				похищенная нить (1 победа)	перемог: 1		竊線（1 勝）														
HediffDef&APM_DuelWinner.stages.1.label	array expansion (2 wins)							阵列扩张（2 胜）				расширение матрицы (2 победы)	перемог: 2		陣列擴張（2 勝）														
HediffDef&APM_DuelWinner.stages.2.label	grid dominance (3 wins)							网络支配（3 胜）				доминирование в сети (3 победы)	перемог: 3		網路支配（3 勝）														
HediffDef&APM_DuelWinner.stages.3.label	kinetic overclock (4 wins)							动能超频（4 胜）				кинетический разгон (4 победы)	перемог: 4		動能超頻（4 勝）														
HediffDef&APM_DuelWinner.stages.4.label	core assimilation (5 wins)							核心同化（5 胜）				ассимиляция ядра (5 побед)	перемог: 5		核心同化（5 勝）														
HediffDef&APM_DuelWinner.stages.5.label	neural saturation (6 wins)							神经饱和（6 胜）				нейронное насыщение (6 побед)	перемог: 6		神經飽和（6 勝）														
HediffDef&APM_DuelWinner.stages.6.label	algorithmic apex (7 wins)							算法巅峰（7 胜）				алгоритмическое возвышение (7 побед)	перемог: 7		演算法巔峰（7 勝）														
HediffDef&APM_DuelWinner.stages.7.label	singularity vector (8 wins)							奇点矢量（8 胜）				вектор сингулярности (8 побед)	вектор сингулярності (8 перемог)		奇異點向量（8 勝）														
HediffDef&APM_DuelWinner.stages.8.label	network monarch (9 wins)							网络君主（9 胜）				повелитель сети (9 побед)	володар мережі (9 перемог)		網路君主（9 勝）														
HediffDef&APM_DuelWinner.stages.9.label	absolute supremacy (10 wins)							绝对优势（10 胜）				абсолютное превосходство (10 побед)	абсолютна перевага (10 перемог)		絕對優勢（10 勝）														
HediffDef&APM_DuelDraw.label	duel draw							决斗平局				ничья в дуэли	нічия в поєдинку		決鬥平局														
HediffDef&APM_DuelDraw.description	The duel ended without a victor. Both combatants stood when the arena fell — a dishonor neither can easily shake. Movement is sluggish as though the shame of an unresolved contest weighs heavily on the body. The debuff will lift in time but the stigma of a draw is not quickly forgotten.							这场决斗以无人胜出告终。竞技场消散时两名斗士仍屹立不倒——这是双方都难以洗刷的耻辱。行动变得迟缓，仿佛这场未分胜负的较量所带来的耻辱正沉重地压在身上。减益会随时间消退，但平局的污名不会很快被遗忘。				Дуэль закончилась без победителя. Оба бойца остались на ногах когда пал барьер — позор, от которого не так просто избавиться. Движения скованы, словно тяжесть незавершенного поединка давит на тело. Штраф со временем спадет, но клеймо ничьей забудется не сразу.	Поєдинок завершився без переможця. Обидва бійці лишилися на ногах, коли впала арена, — ганьба, від якої не так просто відбутися. Рухи скуті, наче тягар незавершеного двобою тисне на тіло. Штраф згодом спаде, але тавро нічиєї забувається не скоро.		這場決鬥以無人勝出告終。競技場消散時兩名鬥士仍屹立不倒——這是雙方都難以洗刷的恥辱。行動變得遲緩，彷彿這場未分勝負的較量所帶來的恥辱正沉重地壓在身上。減益會隨時間消退，但平局的污名不會很快被遺忘。														
HediffDef&APM_PulseWaveBlind.label	flash-blinded							闪光致盲				ослепление вспышкой	осліплення спалахом		閃光致盲														
HediffDef&APM_PulseWaveBlind.description	An intense flash and pressure spike have overwhelmed this pawn's sensors, sharply reducing sight for a short time.							强烈的闪光与骤增的压力压垮了该小人的传感器，短时间内视力大幅下降。				Интенсивная вспышка и скачок давления перегрузили сенсоры, резко снизив зрение на короткое время.	Яскравий спалах і різкий стрибок тиску перевантажили датчики цього персонажа, різко знизивши його зір на короткий час.		強烈的閃光與驟增的壓力壓垮了該小人的感測器，短時間內視力大幅下降。														
WorkGiverDef&APM_HaulToMechCommandCasket.label	carry to mech command casket							搬运至机械指挥舱				отнести в командную капсулу	перенести до командної капсули		搬運至機械指揮艙														
WorkGiverDef&APM_HaulToMechCommandCasket.verb	fill							装填				заполнить	заповнити		裝填														
WorkGiverDef&APM_HaulToMechCommandCasket.gerund	filling							装填				заполнение	заповнення		裝填														
MentalStateDef&APM_Duel.label	dueling							决斗中				дуэль	поєдинок		決鬥中														
PawnKindDef&APM_Mechanitor_Ancient.label	ancient mechanitor							古代机械师				древний механитор	давній механітор		古代機械師														
PawnKindDef&APM_Mechanitor_Nomad.label	nomad mechanitor							游牧机械师				механитор кочевник	кочовий механітор		遊牧機械師														
RecipeDef&APM_Aegis.label	gestate aegis							孵化神盾				вырастить эгиду	виростити егіду		孵化神盾														
RecipeDef&APM_Aegis.description	Gestate an aegis mechanoid.							孵化一台神盾机械体。				Вырастить механоида эгида.	Виростити механоїда егіда.		孵化一台神盾機械體。														
RecipeDef&APM_Terminus.label	gestate terminus							孵化终焉				вырастить терминуса	термінус		孵化終焉														
RecipeDef&APM_Terminus.description	Gestate a terminus archotech-commander mechanoid.							孵化一台级外科技指挥官机械体——终焉。				Вырастить архотек-командира механоидов терминус.	Виростити архотек-командира механоїда термінус.		孵化一台級外科技指揮官機械體——終焉。														
RecipeDef&APM_Maul.label	gestate maul							孵化巨锤				вырастить молота	кришитель		孵化巨錘														
RecipeDef&APM_Maul.description	Gestate a maul mechanoid.							孵化一台巨锤机械体。				Вырастить механоида молот.	Виростити механоїда кришитель.		孵化一台巨錘機械體。														
RecipeDef&APM_Mantis.label	gestate mantis							孵化螳螂				вырастить богомола	богомол		孵化螳螂														
RecipeDef&APM_Mantis.description	Gestate a mantis mechanoid.							孵化一台螳螂机械体。				Вырастить механоида богомол.	Виростити механоїда богомол.		孵化一台螳螂機械體。														
RecipeDef&APM_Dynamo.label	gestate dynamo							孵化迪纳摩				вырастить динамо	динамо		孵化迪納摩														
RecipeDef&APM_Dynamo.description	Gestate a dynamo mechanoid.							孵化一台迪纳摩机械体。				Вырастить механоида динамо.	Виростити механоїда динамо.		孵化一台迪納摩機械體。														
RecipeDef&APM_Haze.label	gestate haze							孵化迷雾				вырастить мглу	завіса		孵化迷霧														
RecipeDef&APM_Haze.description	Gestate a haze area-denial mechanoid.							孵化一台用于区域封锁的迷雾机械体。				Вырастить механоида мгла.	Виростити механоїда завіса для стримування території.		孵化一台用於區域封鎖的迷霧機械體。														
RecipeDef&APM_Celerus.label	gestate celerus							孵化疾风				вырастить целеруса	целерус		孵化疾風														
RecipeDef&APM_Celerus.description	Gestate a celerus archotech-commander mechanoid.							孵化一台级外科技指挥官机械体——疾风。				Вырастить архотек-командира механоида целерус.	Виростити архотек-командира механоїда целерус.		孵化一台級外科技指揮官機械體——疾風。														
RecipeDef&APM_Dominus.label	gestate dominus							孵化主宰				вырастить доминуса	домінус		孵化主宰														
RecipeDef&APM_Dominus.description	Gestate a dominus archotech-commander mechanoid.							孵化一台级外科技指挥官机械体——主宰。				Вырастить архотек-командира механоида доминус.	Виростити архотек-командира механоїда домінус.		孵化一台級外科技指揮官機械體——主宰。														
RecipeDef&APM_Conqueror_DMR.label	gestate carabine conqueror							孵化卡宾征服者				вырастить завоевателя с карабином	завойовник-карабін		孵化卡賓征服者														
RecipeDef&APM_Conqueror_DMR.description	Gestate a Charge Carbine-equipped conqueror mechanoid.							孵化一台装备电荷卡宾枪的征服者机械体。				Вырастить механоида завоеватель, оснащённого бластерным карабином.	Виростити механоїда завойовник, озброєного енергокарабіном.		孵化一台裝備電荷卡賓槍的征服者機械體。														
RecipeDef&APM_Conqueror_DMR.jobString	Gestating conqueror (DMR).							正在孵化征服者（卡宾型）。				Выращивание завоевателя (марксман).	Вирощування завойовника (карабін).		正在孵化征服者（卡賓型）。														
RecipeDef&APM_Conqueror_AR.label	gestate blaster conqueror							孵化爆破征服者				вырастить завоевателя с винтовкой	завойовник-бластер		孵化爆破征服者														
RecipeDef&APM_Conqueror_AR.description	Gestate a Blaster rifle-equipped conqueror mechanoid.							孵化一台装备电荷爆破步枪的征服者机械体。				Вырастить механоида завоеватель, оснащённого бластерной винтовкой.	Виростити механоїда завойовник, озброєного бластерною гвинтівкою.		孵化一台裝備電荷爆破步槍的征服者機械體。														
RecipeDef&APM_Conqueror_AR.jobString	Gestating conqueror (AR).							正在孵化征服者（爆破型）。				Выращивание завоевателя (винтовка).	Вирощування завойовника (гвинтівка).		正在孵化征服者（爆破型）。														
RecipeDef&APM_Conqueror_SMG.label	gestate spitter conqueror							孵化喷吐征服者				вырастить завоевателя с плевателем	завойовник-спітер		孵化噴吐征服者														
RecipeDef&APM_Conqueror_SMG.description	Gestate a Charge Spitter-equipped conqueror mechanoid.							孵化一台装备电荷喷吐枪的征服者机械体。				Вырастить механоида завоеватель, оснащённого бластерным плевателем.	Виростити механоїда завойовник, озброєного енергокулеметом.		孵化一台裝備電荷噴吐槍的征服者機械體。														
RecipeDef&APM_Conqueror_SMG.jobString	Gestating conqueror (SMG).							正在孵化征服者（喷吐型）。				Выращивание завоевателя (пистолет-пулемёт).	Вирощування завойовника (кулемет).		正在孵化征服者（噴吐型）。														
RecipeDef&APM_Lasher.label	gestate lasher							孵化鞭挞者				вырастить плеть	погонич		孵化鞭撻者														
RecipeDef&APM_Lasher.description	Gestate a lasher mechanoid.							孵化一台鞭挞者机械体。				Вырастить механоида плеть.	Виростити механоїда погонич.		孵化一台鞭撻者機械體。														
RecipeDef&APM_Pulse.label	gestate pulse							孵化脉冲				вырастить импульса	імпульс		孵化脈衝														
RecipeDef&APM_Pulse.description	Gestate a pulse mechanoid.							孵化一台脉冲机械体。				Вырастить механоида импульс.	Виростити механоїда імпульс.		孵化一台脈衝機械體。														
RecipeDef&APM_Vassal.label	gestate vassal							孵化附庸				вырастить вассала	васал		孵化附庸														
RecipeDef&APM_Vassal.description	Gestate a vassal mechanoid.							孵化一台附庸机械体。				Вырастить механоида вассал.	Виростити механоїда васал.		孵化一台附庸機械體。														
RecipeDef&APM_Tinker.label	gestate tinker							孵化修补匠				вырастить тинкера	механік		孵化修補匠														
RecipeDef&APM_Tinker.description	Gestate a tinker mechanoid.							孵化一台修补匠机械体。				Вырастить механоида тинкер.	Виростити механоїда майстер.		孵化一台修補匠機械體。														
RecipeDef&APM_Siren.label	gestate siren							孵化海妖				вырастить сирену	виростити сирену		孵化海妖														
RecipeDef&APM_Siren.description	Gestate a siren mechanoid.							孵化一台海妖机械体。				Вырастить механоида сирена.	Виростити механоїда сирена.		孵化一台海妖機械體。														
RecipeDef&APM_Frostivus.label	gestate frostivus							孵化霜语者				вырастить морозуса	морозус		孵化霜語者														
RecipeDef&APM_Frostivus.description	Gestate a frostivus mechanoid.							孵化一台霜语者机械体。				Вырастить механоида морозус.	Вирощує механоїда-морозуса.		孵化一台霜語者機械體。														
RecipeDef&APM_Javelin.label	gestate javelin							孵化标枪				вырастить джавелина	джавелін		孵化標槍														
RecipeDef&APM_Javelin.description	Gestate a javelin mechanoid.							孵化一台标枪机械体。				Вырастить механоида джавелин.	Виростити механоїда джавелін.		孵化一台標槍機械體。														
RecipeDef&APM_Ravager.label	gestate ravager							孵化蹂躏者				вырастить разорителя	спустошувач		孵化蹂躪者														
RecipeDef&APM_Ravager.description	Gestate a ravager mechanoid.							孵化一台蹂躏者机械体。				Вырастить механоида разоритель.	Виростити механоїда спустошувач.		孵化一台蹂躪者機械體。														
RecipeDef&APM_Ingestor.label	gestate ingestor							孵化吞噬者				вырастить поглотителя	поглинач		孵化吞噬者														
RecipeDef&APM_Ingestor.description	Gestate an ingestor mechanoid.							孵化一台吞噬者机械体。				Вырастить механоида поглотитель.	Виростити механоїда поглинач.		孵化一台吞噬者機械體。														
RecipeDef&APM_Gazer.label	gestate gazer							孵化凝视者				вырастить созерцателя	спостерігач		孵化凝視者														
RecipeDef&APM_Gazer.description	Gestate a gazer mechanoid.							孵化一台凝视者机械体。				Вырастить механоида созерцатель.	Виростити механоїда спостерігач.		孵化一台凝視者機械體。														
RecipeDef&Make_DuelistPsyspear.label	make duelist psyspear							制作决斗者灵能长矛				сделать пси-копьё дуэлянта	виготовити пси-спис дуелянта		製作決鬥者靈能長矛														
RecipeDef&Make_DuelistPsyspear.description	Make a duelist psyspear.							制作一把统御灵能长矛。				Создать пси-копьё дуэлянта.	Створити псі-спис владарювання.		製作一把統御靈能長矛。														
RecipeDef&Make_DuelistPsyspear.jobString	Making duelist psyspear.							正在制作统御灵能长矛。				Создание пси-копья дуэлянта.	Створення псі-списа владарювання.		正在製作統御靈能長矛。														
RecipeDef&APM_Weapon_SeveringBlade.label	make severing blade							制作切割刃				сделать рассекающий клинок	створити розсікаюче лезо		製作切割刃														
RecipeDef&APM_Weapon_SeveringBlade.description	Make a severing blade.							制作一把切割刃。				Создать рассекающий клинок.	Створити розсікаюче лезо.		製作一把切割刃。														
RecipeDef&APM_Weapon_SeveringBlade.jobString	Making severing blade.							正在制作切割刃。				Создание рассекающего клинка.	Створення розсікаючого леза.		正在製作切割刃。														
RecipeDef&APM_Weapon_Skipblade.label	make skipblade							制作传送刃				сделать скачковый клинок	створити телепорт-клинок		製作傳送刃														
RecipeDef&APM_Weapon_Skipblade.description	Make a skipblade.							制作一把传送刃。				Создать скачковый клинок.	Створити телепорт-клинок.		製作一把傳送刃。														
RecipeDef&APM_Weapon_Skipblade.jobString	Making skipblade.							正在制作传送刃。				Создание скачкового клинка.	Створення телепорт-клинка.		正在製作傳送刃。														
RecipeDef&APM_Weapon_PlasmaWhip.label	make plasma whip							制作等离子鞭				сделать плазменный кнут	створити плазмовий батіг		製作等離子鞭														
RecipeDef&APM_Weapon_PlasmaWhip.description	Make a plasma whip.							制作一把等离子鞭。				Создать плазменный кнут.	Створити плазмовий батіг.		製作一把等離子鞭。														
RecipeDef&APM_Weapon_PlasmaWhip.jobString	Making plasma whip.							正在制作等离子鞭。				Создание плазменного кнута.	Створення плазмового батога.		正在製作等離子鞭。														
RecipeDef&APM_Solus.label	make solus							制作索拉斯				сделать «Солус»	створити солус		製作索拉斯														
RecipeDef&APM_Solus.description	Make a solus.							制作索拉斯。				Создать орудие «Солус».	Створити солус.		製作索拉斯。														
RecipeDef&APM_Solus.jobString	Making solus.							正在制作索拉斯。				Создание орудия «Солус».	Створення солуса.		正在製作索拉斯。														
RecipeDef&APM_MechamancerPack.label	make mechamancer pack							制作机械法师背包				сделать ранец мехаманта	виготовити ранець мехаманта		製作機械法師背包														
RecipeDef&APM_MechamancerPack.description	Make a mechamancer pack.							制作一个机械法师背包。				Создать ранец мехаманта.	Створити ранець мехаманта.		製作一個機械法師背包。														
RecipeDef&APM_MechamancerPack.jobString	Making mechamancer pack.							正在制作机械法师背包。				Создание ранца мехаманта.	Створення ранця мехаманта.		正在製作機械法師背包。														
RecipeDef&APM_Apparel_MechamancerSuit.label	make mechamancer suit							制作机械法师服装				сделать костюм мехаманта	створити костюм мехаманта		製作機械法師服裝														
RecipeDef&APM_Apparel_MechamancerSuit.description	Make a mechamancer suit.							制作一套机械法师服装。				Создать костюм мехаманта.	Створити костюм мехаманта.		製作一套機械法師服裝。														
RecipeDef&APM_Apparel_MechamancerSuit.jobString	Making mechamancer suit.							正在制作机械法师服装。				Создание костюма мехаманта.	Створення костюма мехаманта.		正在製作機械法師服裝。														
RecipeDef&APM_Apparel_ArmorHelmetMechamancerHelmet.label	make mechamancer helmet							制作机械法师头盔				сделать шлем мехаманта	створити шолом мехаманта		製作機械法師頭盔														
RecipeDef&APM_Apparel_ArmorHelmetMechamancerHelmet.description	Make a mechamancer helmet.							制作一顶机械法师头盔。				Создать шлем мехаманта.	Створити шолом мехаманта.		製作一頂機械法師頭盔。														
RecipeDef&APM_Apparel_ArmorHelmetMechamancerHelmet.jobString	Making mechamancer helmet.							正在制作机械法师头盔。				Создание шлема мехаманта.	Створення шолома мехаманта.		正在製作機械法師頭盔。														
ResearchProjectDef&ApexMechtech.label	Apex Mechtech							巅峰机械科技				высшие технологии механоидов	вершинна мехтехнологія		巔峰機械科技														
ResearchProjectDef&ApexMechtech.description	The technology needed for your mechanitor to create and control Apex-tier mechanoids. You can get chips by using a mechanitor to summon a Three Lords threat. They can also be summoned separately.							你的机械师创建并控制巅峰机械体所需的技术。可以指使机械师召唤三君主威胁来获取芯片，也可以分别召唤他们。				Технологии, необходимые вашему механитору для создания механоидов высшего уровня и управления ими. Чипы можно получить, призвав с помощью механитора угрозу Трёх Владык. Их также можно призвать по отдельности.	Технології, потрібні вашому механіторові, щоб створювати механоїдів вершинного рівня та керувати ними. Чіпи можна отримати, прикликавши механітором загрозу Трьох Владик. Їх також можна прикликати окремо.		你的機械師建立並控制巔峰機械體所需的技術。可以指使機械師召喚三君主威脅來取得晶片，也可以分別召喚他們。														
ResearchProjectDef&AdvancedMechtech.label	Advanced Mechtech							高级机械科技				особые технологии механоидов	просунута мехтехнологія		高級機械科技														
ResearchProjectDef&AdvancedMechtech.description	The technology needed for your mechanitor to create and control Advanced-tier mechanoids. You can get chips by using a mechanitor to summon a Gazer threat.							你的机械师创建并控制高级机械体所需的技术。可以指使机械师召唤凝视者威胁来获取芯片。				Технологии, необходимые вашему механитору для создания механоидов особого уровня и управления ими. Чипы можно получить, призвав с помощью механитора угрозу «Созерцатель».	Технології, потрібні вашому механіторові, щоб створювати механоїдів просунутого рівня та керувати ними. Чіпи можна отримати, прикликавши механітором загрозу «Спостерігач».		你的機械師建立並控制高階機械體所需的技術。可以指使機械師召喚凝視者威脅來取得晶片。														
ScenPartDef&APM_SpawnScenarioCorpses.label	ancient corpses							古代尸体				древние трупы	стародавні трупи		古代屍體														
ScenPartDef&APM_PrepareStructureSite.label	solid ground under the domain							领域下的坚实地面				твёрдая земля под владением	твердий ґрунт під володінням		領域下的堅實地面														
ScenPartDef&APM_LimitStructureLoot.label	picked over supplies							被搜刮过的补给				перебранные припасы	перебрані припаси		被搜刮過的補給														
ScenPartDef&APM_CameraOnPlayerStart.label	start on your pawns							以你的角色开始				начать у своих подопечных	почати з ваших персонажів		以你的角色開始														
ScenPartDef&APM_StartingMech.label	start with mechanoid							开局拥有一台机械体				начать с механоидом	почати з механоїдом		開局擁有一台機械體														
ScenarioDef&APM_BuriedLegacy.label	Buried Legacy							尘封遗产				Погребённое наследие	Похована спадщина		塵封遺產														
ScenarioDef&APM_BuriedLegacy.description	Years of wandering through wastes and abandoned ruins have left behind only scars and a belief in legends. But the legends turned out to be true. Following the faint signal of an ancient transponder, you have discovered the lost complex of an ancient mechanitor. Inside, locked within his command casket, lies the skeleton of the previous owner, killed centuries ago by his own foolishness. All around is silence, broken only by the hum of generators and the quiet echo of a bygone glory. The rest of the once-proud garrison lies in ruins scattered across the territory, reduced to scrap by time and neglect. Only the units secured inside stasis containers remain intact. This entire base and the remnants of a bygone army now belong to you. All that is left is to claim the throne and accept your destiny.							多年在荒野与废弃遗迹间流浪，只留下伤疤和对传说的笃信。但传说竟是真的。循着一台远古应答器发出的微弱信号，你发现了一座失落已久的远古机械师建筑群。建筑内部，上一任主人被锁在自己的指挥舱里，只剩一具枯骨——数个世纪前，他死于自己的愚蠢。四下寂静无声，唯有发电机的嗡鸣与昔日荣光的低回回响将它打破。那支曾经傲气十足的驻军，其余部分已化作散落各处的残垣断壁，被时光与荒废侵蚀成废铁。唯有封存在静滞容器中的单位仍完好无损。整座基地与那支旧日军团的残部，如今都归你所有。剩下的，只是登上王座、接受你的命运。				Годы скитаний по пустошам и заброшенным руинам оставили после себя лишь шрамы и веру в легенды. Но легенды оказались правдивы. Следуя за слабым сигналом древнего транспондера, вы обнаружили затерянный комплекс древнего механитора. Внутри, запертый в своём командном саркофаге, лежит скелет прежнего хозяина, погибшего несколько веков назад из-за собственной глупости. Вокруг висит тишина, нарушаемая лишь гулом генераторов и тихим эхом былого величия. Оставшаяся часть когда-то гордого гарнизона лежит в руинах, рассеянных по территории, превратившись в лом от времени и запустения. Лишь юниты, защищённые внутри стазис-контейнеров, остались нетронутыми. Вся эта база и остатки былой армии теперь принадлежат вам. Осталось только взойти на престол и принять свою судьбу.	Роки блукань пустками й покинутими руїнами залишили по собі лише шрами та віру в легенди. Але легенди виявилися правдою. Йдучи за слабким сигналом давнього транспондера, ви виявили загублений комплекс давнього механітора. Всередині, замкнений у своїй командній капсулі, лежить скелет колишнього власника, що загинув століття тому через власну дурість. Навколо тиша, яку порушує лише гул генераторів та тиха луна минулої величі. Решта колись гордої залоги лежить у руїнах, розкиданих по території, перетворена на брухт часом і запустінням. Лише бойові одиниці, запечатані всередині контейнерів стазису, лишилися неушкодженими. Уся ця база та рештки минулого війська тепер належать вам. Залишилося лише посісти трон і прийняти свою долю.		多年在荒野與廢棄遺跡間流浪，只留下傷疤和對傳說的篤信。但傳說竟是真的。循著一台遠古應答器发出的微弱訊號，你發現了一座失落已久的遠古機械師建築群。建築內部，上一任主人被鎖在自己的指揮艙裡，只剩一具枯骨——數個世紀前，他死於自己的愚蠢。四下寂靜無聲，唯有發電機的嗡鳴與昔日榮光的低迴迴響將它打破。那支曾經傲氣十足的駐軍，其餘部分已化作散落各處的殘垣斷壁，被時光與荒廢侵蝕成廢鐵。唯有封存在靜滯容器中的單位仍完好無損。整座基地與那支舊日軍團的殘部，如今都歸你所有。剩下的，只是登上王座、接受你的命運。														
FactionDef&APM_DomainPlayerFaction.label	Mechanitor's Domain							机械师领域				Владения механитора	Володіння механітора		機械師領域														
FactionDef&APM_DomainPlayerFaction.description	An ancient mechanitor's domain hiding a master's treasures.							一位远古机械师的领地，藏有主人的珍宝。				Владения древнего механитора, скрывающие сокровища мастера.	Володіння давнього механітора, що приховують скарби майстра.		一位遠古機械師的領地，藏有主人的珍寶。														
StatDef&APM_GestationFactor.label	mech gestation speed factor							机械体培育速度系数				коэффициент скорости гестации	коефіцієнт швидкості гестації		機械體培育速度係數														
StatDef&APM_GestationFactor.description	Mech gestation speed is multiplied by this value.							机甲孵化速度按此数值相乘。				Скорость выращивания механоидов умножается на это значение.	Швидкість вирощування механоїдів множиться на це значення.		機甲孵化速度按此數值相乘。														
StatDef&APM_CasketBandwidth.label	mech command casket bandwidth							机械指挥舱带宽				пропускная способность командного саркофага	пропускна здатність командної капсули		機械指揮艙頻寬														
StatDef&APM_CasketBandwidth.description	A mechanitor bandwidth is increased by this value while inside a mech command casket.							当机械师身处机械指挥舱内时，其带宽按此数值提升。				пропускная способность механитора увеличивается пока он находится внутри командного саркофага	Пропускна здатність механітора збільшується на це значення, доки він перебуває всередині командної капсули меха.		當機械師身處機械指揮艙內時，其頻寬按此數值提升。														
IncidentDef&APM_IncidentDef_TrioBoss.label	Three Lords							三领主				Три Владыки	Три Володарі		三領主														
ThingDef&APM_MechbandAntenna_Dominus.label	Mechband Node							机械频带节点				Узел мех-связи	механоїдний вузол		機械頻帶節點														
ThingDef&APM_MechbandAntenna_Dominus.description	A mech-band signaling device more powerful than the mechband array. When activated, it puts out an apex level mech signal pulse, which will attract a mechanoid commander to attack with its escorts. If you defeat it, you can collect special technology from its corpse. The signal pulse burns out the dish, so this building can only be used once.							一台比机械频带阵列更强大的机械频带信号装置。启动后，它会发出一道巅峰级机械信号脉冲，引来一名机械体指挥官及其随从发起攻击。若你能击败它，便可从其残骸中收集特殊技术。信号脉冲会烧毁天线，因此这座建筑只能使用一次。				Одноразовое сигнальное устройство. При активации отправляет импульс на частоте механоидов и вызывает босса Доминуса.	Сигнальний пристрій механоїдної мережі, потужніший за механоїдний масив. Під час активації випромінює сигнальний імпульс найвищого рівня, що привертає механоїда-командира з його охороною. Якщо ви його переможете, з тіла можна зібрати особливі технології. Сигнальний імпульс спалює антену, тож споруду можна використати лише один раз.		一台比機械頻帶陣列更強大的機械頻帶訊號裝置。啟動後，它會發出一道巔峰級機械訊號脈衝，引來一名機械體指揮官及其隨從發起攻擊。若你能擊敗它，便可從其殘骸中收集特殊技術。訊號脈衝會燒毀天線，因此這座建築只能使用一次。														
ThingDef&APM_MechbandAntenna_Terminus.label	Mechband Conduit							机械频带导管				Канал мех-связи	механоїдний канал		機械頻帶導管														
ThingDef&APM_MechbandAntenna_Terminus.description	A mech-band signaling device more powerful than the mechband array. When activated, it puts out an apex level mech signal pulse, which will attract a mechanoid commander to attack with its escorts. If you defeat it, you can collect special technology from its corpse. The signal pulse burns out the dish, so this building can only be used once.							一台比机械频带阵列更强大的机械频带信号装置。启动后，它会发出一道巅峰级机械信号脉冲，引来一名机械体指挥官及其随从发起攻击。若你能击败它，便可从其残骸中收集特殊技术。信号脉冲会烧毁天线，因此这座建筑只能使用一次。				Одноразовое сигнальное устройство. При активации отправляет импульс на частоте механоидов и вызывает босса Терминуса.	Сигнальний пристрій механоїдної мережі, потужніший за механоїдний масив. Під час активації випромінює сигнальний імпульс найвищого рівня, що привертає механоїда-командира з його охороною. Якщо ви його переможете, з тіла можна зібрати особливі технології. Сигнальний імпульс спалює антену, тож споруду можна використати лише один раз.		一台比機械頻帶陣列更強大的機械頻帶訊號裝置。啟動後，它會發出一道巔峰級機械訊號脈衝，引來一名機械體指揮官及其隨從發起攻擊。若你能擊敗它，便可從其殘骸中收集特殊技術。訊號脈衝會燒毀天線，因此這座建築只能使用一次。														
ThingDef&APM_MechbandAntenna_Celerus.label	Mechband Pylon							机械频带塔				Пилон мех-связи	механоїдний пілон		機械頻帶塔														
ThingDef&APM_MechbandAntenna_Celerus.description	A mech-band signaling device more powerful than the mechband node. When activated, it puts out an apex level mech signal pulse, which will attract a mechanoid commander to attack with its escorts. If you defeat it, you can collect special technology from its corpse. The signal pulse burns out the dish, so this building can only be used once.							一台比机械频带节点更强大的机械频带信号装置。启动后，它会发出一道巅峰级机械信号脉冲，引来一名机械体指挥官及其随从发起攻击。若你能击败它，便可从其残骸中收集特殊技术。信号脉冲会烧毁天线，因此这座建筑只能使用一次。				Одноразовое сигнальное устройство. При активации отправляет импульс на частоте механоидов и вызывает босса Целеруса.	Сигнальний пристрій механоїдної мережі, потужніший за механоїдний вузол. Під час активації випромінює сигнальний імпульс найвищого рівня, що привертає механоїда-командира з його охороною. Якщо ви його переможете, з тіла можна зібрати особливі технології. Сигнальний імпульс спалює антену, тож споруду можна використати лише один раз.		一台比機械頻帶節點更強大的機械頻帶訊號裝置。啟動後，它會發出一道巔峰級機械訊號脈衝，引來一名機械體指揮官及其隨從發起攻擊。若你能擊敗它，便可從其殘骸中收集特殊技術。訊號脈衝會燒毀天線，因此這座建築只能使用一次。														
ThingDef&APM_MechbandAntenna_Gazer.label	Mechband Array							机械频带阵列				Массив мех-связи	механоїдний масив		機械頻帶陣列														
ThingDef&APM_MechbandAntenna_Gazer.description	A mech-band signaling device more powerful than the mechband node. When activated, it puts out an apex level mech signal pulse, which will attract a mechanoid commander to attack with its escorts. If you defeat it, you can collect special technology from its corpse. The signal pulse burns out the dish, so this building can only be used once.							一台比机械频带节点更强大的机械频带信号装置。启动后，它会发出一道巅峰级机械信号脉冲，引来一名机械体指挥官及其随从发起攻击。若你能击败它，便可从其残骸中收集特殊技术。信号脉冲会烧毁天线，因此这座建筑只能使用一次。				Одноразовый направленный излучатель. При активации вызывает угрозу в лице босса Созерцателя.	Сигнальний пристрій механоїдної мережі, потужніший за механоїдний вузол. Під час активації випромінює сигнальний імпульс найвищого рівня, що привертає механоїда-командира з його охороною. Якщо ви його переможете, з тіла можна зібрати особливі технології. Сигнальний імпульс спалює антену, тож споруду можна використати лише один раз.		一台比機械頻帶節點更強大的機械頻帶訊號裝置。啟動後，它會發出一道巔峰級機械訊號脈衝，引來一名機械體指揮官及其隨從發起攻擊。若你能擊敗它，便可從其殘骸中收集特殊技術。訊號脈衝會燒毀天線，因此這座建築只能使用一次。														
ThingDef&APM_MechbandAntenna_United.label	Mechband Invoker							机械频带召唤器				Вызыватель мех-связи	механічний закликач		機械頻帶召喚器														
ThingDef&APM_MechbandAntenna_United.description	A mech-band signaling device more powerful than the mechband array. When activated, it puts out an 3-fold apex level mech signal pulse, which will attract a mechanoid commander to attack with its escorts. If you defeat it, you can collect special technology from its corpse. The signal pulse burns out the dish, so this building can only be used once. This particular mechband device sends out 3 simultaneous signals, be warned.							一台比机械频带阵列更强大的机械频带信号装置。启动后，它会发出一道三重巅峰级机械信号脉冲，引来一名机械体指挥官及其随从发起攻击。若你能击败它，便可从其残骸中收集特殊技术。信号脉冲会烧毁天线，因此这座建筑只能使用一次。这台机械频带装置会同时发出三道信号——小心为上。				Мощный 3x3 транслятор высокого порядка. Отправляет три одновременных сигнала, призывая угрозу Трех Владык.	Сигнальний пристрій механоїдної мережі, потужніший за механоїдний вузол. Під час активації він випромінює потрійний сигнальний імпульс вершинного рівня, що привертає механоїдного командира з почтом. Якщо ви його здолаєте, то зможете зібрати особливі технології з його решток. Сигнальний імпульс спалює антену, тож цю споруду можна використати лише раз. Цей пристрій випромінює три одночасні сигнали — будьте напоготові.		一台比機械頻帶陣列更強大的機械頻帶訊號裝置。啟動後，它會發出一道三重巔峰級機械訊號脈衝，引來一名機械體指揮官及其隨從發起攻擊。若你能擊敗它，便可從其殘骸中收集特殊技術。訊號脈衝會燒毀天線，因此這座建築只能使用一次。這台機械頻帶裝置會同時發出三道訊號——小心為上。														
ThingDef&APM_Building_ToxicPurifier.label	purifier station							净化站				Очистительная станция	станція очищення		淨化站														
ThingDef&APM_Building_ToxicPurifier.description	The pollution reclaimer is an imperfect solution to a disastrous problem. It cleans pollution from a large area around it in addition to vaporizing toxic wastepacks. Its function is imperfect due to the drastic rate it runs at and It has a constant chance to cause several severe ecological events such as the following: Releasing toxic waste into the air, causing a toxic downpour, generating a toxic smog in the local area up to several world tiles around where it is placed and spoiling relations over time with local neighboring factions. While it works well, ecologists and mechanitors alike still argue whether the side effects are worth the hassle.							污染回收装置是应对一场灾难性问题的不完美方案。它除了汽化有毒废料包之外，还能清除周围大片区域的污染。由于运转强度极为剧烈，它的功能并不完美，且始终有一定概率引发若干严重的生态事件，例如：将有毒废料直接排入空中并引发毒雨；在其所在地周围数个世界地块范围内生成毒雾；以及随时间推移恶化与邻近派系的关系。虽然它工作得不错，生态学家与机械师们仍在争论这些副作用是否值得如此麻烦。				Высокопроизводительная установка для очистки местности от загрязнения и утилизации упаковщиков токсичных отходов. Потребляет огромное количество энергии и может спровоцировать ухудшение отношений с фракциями или токсичный осмок.	Ця споруда для відновлення від забруднення є недосконалим розв'язанням катастрофічної проблеми. Вона очищає забруднення на великій території навколо себе, а також випаровує токсичні відходи. Її робота вважається недосконалою через надмірно високу інтенсивність, з якою вона функціонує. Таким чином, робота пов'язана з постійним ризиком спричинити низку серйозних екологічних подій, а саме: викид токсичних відходів просто в небо з наступними токсичними опадами, утворення токсичного смогу на карті світу в радіусі кількох клітинок навколо місця встановлення, а також поступове погіршення стосунків із сусідніми фракціями. Попри те, що пристрій непогано справляється зі своїм завданням, екологи й механітери досі сперечаються, чи варті побічні ефекти таких клопотів.		污染回收裝置是應對一場災難性問題的不完美方案。它除了汽化有毒廢料包之外，還能清除周圍大片區域的污染。由於運轉強度極為劇烈，它的功能並不完美，且始終有一定機率引發若干嚴重的生態事件，例如：將有毒廢料直接排入空中並引發毒雨；在其所在地周圍數個世界地塊範圍內生成毒霧；以及隨時間推移惡化與鄰近派系的關係。雖然它工作得不錯，生態學家與機械師們仍在爭論這些副作用是否值得如此麻煩。														
GameConditionDef&APM_Toxicity.label	toxicity level							毒性等级				уровень загрязнения	рівень забруднення		毒性等級														
GameConditionDef&APM_Toxicity.description	toxic level in local atmosphere.							本地大气中的毒性水平。				Уровень загрязнения атмосферы в данной локации.	Рівень забруднення повітря на цій карті.		本地大氣中的毒性水準。														
ThingDef&APM_DynamoPoweredGenerator.label	Dynamo powered generator							迪纳摩动力发电机				Динамо-генератор	динамо-генератор		迪納摩動力發電機														
ThingDef&APM_DynamoPoweredGenerator.description	Produces power by consuming uranium. Must be periodically refueled by hand.							通过消耗铀来发电。需要定期手动补充燃料。				Высокоэффективный генератор на урановом топливе. Обеспечивает непрерывную электроэнергию, выделяя умеренное количество тепла.	Виробляє енергію, споживаючи хімпаливо. Час від часу потрібно заправляти вручну.		透過消耗鈾來發電。需要定期手動補充燃料。														
ThingDef&APM_GazerEmplacement.label	gazer emplacement							凝视者炮台				Орудийная установка «Гейзер»	вогнева позиція Спостерігача		凝視者砲臺														
ThingDef&APM_GazerEmplacement.description	A reinforced fixed laser emplacement built around a salvaged Gazer ocular emitter. It cannot traverse after deployment. When manually aimed within its frontal firing arc, it releases the same devastating Sun Ray beam used by a Gazer and burns through everything caught in its path, at an extreme power cost.							一座围绕回收而来的凝视者视觉发射器建造的加固式固定激光炮位，部署后无法转动。在其正面射界内手动瞄准时，它会释放出与凝视者所用相同的毁灭性「太阳光线」，烧穿路径上的一切，代价是极高的能量消耗。				Тяжёлая стационарная лазерная турель с ограниченным фронтальным сектором обстрела, потребляющая большое количество энергии при стрельбе.	Укріплена нерухома лазерна вогнева точка, збудована навколо відновленої очної лазерної установки Спостерігача. Після встановлення не може переміщатися. За ручного наведення в межах свого сектора стрільби здатна випускати руйнівний «Сонячний промінь», як у Спостерігача, випалюючи все на своєму шляху ціною величезних витрат енергії.		一座圍繞回收而來的凝視者視覺發射器建造的加固式固定雷射炮位，部署後無法轉動。在其正面射界內手動瞄準時，它會釋放出與凝視者所用相同的毀滅性「太陽光線」，燒穿路徑上的一切，代價是極高的能量消耗。														
ThingDef&APM_MechCommandCasket.label	command casket							机械指挥舱				командный саркофаг	командна капсула		機械指揮艙														
ThingDef&APM_MechCommandCasket.description	The pinnacle of mechanitor engineering, a monumental sarcophagus that embodies absolute power and technological majesty. Fusing mechlink and biosculpter technologies, it allows the enclosed user to command their legions from absolute safety. However, its true power lies within: a highly complex replica of a 'Cerebrex' brain is integrated into its core. This allows the casket to pierce atmospheric interference and connect directly to the global mechanoid network in orbit. By hijacking the processing power of these orbital systems, the mechanitor can broadcast their commands over colossal distances, controlling their mechs even when world tiles away.							机械师工程的巅峰之作，一座体现着绝对权力与技术威严的巨型石棺。它融合了机械连接与生物塑形技术，让身处其中的使用者得以在绝对安全之下统率自己的军团。然而它真正的力量藏于内部：一颗高度复杂的「智脑」大脑复制体被集成在其核心之中。这让指挥舱得以穿透大气干扰，直接接入轨道上的全球机械体网络。通过劫持这些轨道系统的运算能力，机械师可以将指令广播到极远之处，即便相隔数个世界地块，也能指挥自己的机甲。				Вершина инженерной мысли механиторов, монументальный саркофаг, воплощающий абсолютную власть и технологическое величие. Объединяя технологии мехлинка и биоскульптора, он позволяет находящемуся внутри оператору командовать своими легионами из абсолютной безопасности. Однако его истинная сила кроется внутри: в ядро встроена сложнейшая копия мозга «Церебрекс». Это позволяет саркофагу преодолевать атмосферные помехи и подключаться напрямую к глобальной сети механоидов на орбите. Перехватывая вычислительную мощность этих орбитальных систем, механитор может транслировать свои приказы на колоссальные расстояния, управляя мехами даже из других точек глобальной карты.	Командна капсула механоїдів — поєднання технологій мехлінка та капсули кріосну, що дозволяє ув'язненому всередині механітерові керувати своїми механоїдами з відносної безпеки капсули. Підсилювач сигналу цієї машини дає змогу механітерові керувати своїми мехами навіть на інших клітинках карти світу.		機械師工程的巔峰之作，一座體現著絕對權力與技術威嚴的巨型石棺。它融合了機械連結與生物塑形技術，讓身處其中的使用者得以在絕對安全之下統率自己的軍團。然而它真正的力量藏於內部：一顆高度複雜的「智腦」大腦複製體被整合在其核心之中。這讓指揮艙得以穿透大氣干擾，直接接入軌道上的全球機械體網絡。透過劫持這些軌道系統的運算能力，機械師可以將指令廣播到極遠之處，即便相隔數個世界地塊，也能指揮自己的機甲。														
ThingDef&APM_CasketBandwidthAmplifier.label	subcore signal booster							子核心信号增强器				усилитель сигнала на субъядрах	підсилювач сигналу суб'ядра		子核心訊號增強器														
ThingDef&APM_CasketBandwidthAmplifier.description	An auxiliary expansion module designed to augment the command casket using the raw processing power of high subcores. By integrating high-tier subcores directly into the casket's auxiliary neural network, this device significantly amplifies the mechanitor's mental output. It expands the available bandwidth limit, allowing the operator to safely control a much larger and more complex legion of mechanoids without overloading their own neurological link.							一个辅助扩展模块，旨在利用高阶副核的原生运算能力来强化指挥舱。通过将高阶副核直接接入指挥舱的辅助神经网络，该装置显著放大机械师的精神输出，扩展可用的带宽上限，使操作者能够安全地指挥规模更大、结构更复杂的机械体军团，而不会过载自身的神经连接。				Вспомогательный модуль расширения, предназначенный для усиления командного саркофага с помощью вычислительной мощности высоких субъядер. Интегрируя высокоуровневые субъядра непосредственно во вспомогательную нейронную сеть саркофага, это устройство значительно увеличивает ментальную пропускную способность механитора. Оно расширяет доступный лимит каналов управления, позволяя оператору безопасно контролировать гораздо более крупный и сложный легион механоидов без перегрузки собственной неврологической связи.	Допоміжний модуль розширення, призначений для підсилення командної капсули за допомогою обчислювальної потужності високих суб'ядер. Інтегруючи суб'ядра високого рівня безпосередньо в допоміжну нейронну мережу капсули, цей пристрій значно підсилює ментальний вихід механітора. Він розширює доступну межу пропускної здатності, дозволяючи оператору безпечно керувати набагато більшим і складнішим легіоном механоїдів без перевантаження власного неврологічного зв'язку.		一個輔助擴充模組，旨在利用高階副核的原生運算能力來強化指揮艙。藉由將高階副核直接接入指揮艙的輔助神經網絡，該裝置顯著放大機械師的精神輸出，擴展可用的頻寬上限，使操作者能夠安全地指揮規模更大、結構更複雜的機械體軍團，而不會過載自身的神經連結。														
HediffDef&APM_MechCommandCasketBoost.label	mech command casket boost							机械指挥舱强化				усиление командного капсулой	посилення командної капсули		機械指揮艙強化														
HediffDef&APM_MechCommandCasketBoost.description	This mechanitors bandwidth is increased while inside the command casket.							当这名机械师身处机械指挥舱内时，其带宽会得到提升。				Пропускная способность этого механитора увеличена, пока он находится внутри командного саркофага.	Пропускна здатність цього механітора збільшена, доки він перебуває всередині командної капсули.		當這名機械師身處機械指揮艙內時，其頻寬會得到提升。														
ThingDef&APM_MechCommandCasket_Ancient.label	command casket							机械指挥舱				командный саркофаг	командна капсула		機械指揮艙														
ThingDef&APM_MechCommandCasket_Ancient.description	The pinnacle of mechanitor engineering, a monumental sarcophagus that embodies absolute power and technological majesty. Fusing mechlink and biosculpter technologies, it allows the enclosed user to command their legions from absolute safety. However, its true power lies within: a highly complex replica of a 'Cerebrex' brain is integrated into its core. This allows the casket to pierce atmospheric interference and connect directly to the global mechanoid network in orbit. By hijacking the processing power of these orbital systems, the mechanitor can broadcast their commands over colossal distances, controlling their mechs even when world tiles away.							机械师工程的巅峰之作，一座体现着绝对权力与技术威严的巨型石棺。它融合了机械连接与生物塑形技术，让身处其中的使用者得以在绝对安全之下统率自己的军团。然而它真正的力量藏于内部：一颗高度复杂的「智脑」大脑复制体被集成在其核心之中。这让指挥舱得以穿透大气干扰，直接接入轨道上的全球机械体网络。通过劫持这些轨道系统的运算能力，机械师可以将指令广播到极远之处，即便相隔数个世界地块，也能指挥自己的机甲。				Вершина инженерной мысли механиторов, монументальный саркофаг, воплощающий абсолютную власть и технологическое величие. Объединяя технологии мехлинка и биоскульптора, он позволяет находящемуся внутри оператору командовать своими легионами из абсолютной безопасности. Однако его истинная сила кроется внутри: в ядро встроена сложнейшая копия мозга «Церебрекс». Это позволяет саркофагу преодолевать атмосферные помехи и подключаться напрямую к глобальной сети механоидов на орбите. Перехватывая вычислительную мощность этих орбитальных систем, механитор может транслировать свои приказы на колоссальные расстояния, управляя мехами даже из других точек глобальной карты.	Вершина інженерії механіторів, монументальний саркофаг, що втілює абсолютну владу й технологічну велич. Поєднуючи технології мехзв'язку та біоскульптора, він дозволяє операторові всередині командувати своїми легіонами з абсолютної безпеки. Однак його справжня сила всередині: у ядро вбудовано надзвичайно складну копію мозку «Церебрекс». Це дозволяє капсулі пробивати атмосферні перешкоди й підключатися безпосередньо до глобальної мережі механоїдів на орбіті. Перехоплюючи обчислювальну потужність цих орбітальних систем, механітор може транслювати свої накази на колосальні відстані, керуючи своїми мехами навіть за кілька клітинок світової карти.		機械師工程的巔峰之作，一座體現著絕對權力與技術威嚴的巨型石棺。它融合了機械連結與生物塑形技術，讓身處其中的使用者得以在絕對安全之下統率自己的軍團。然而它真正的力量藏於內部：一顆高度複雜的「智腦」大腦複製體被整合在其核心之中。這讓指揮艙得以穿透大氣干擾，直接接入軌道上的全球機械體網絡。透過劫持這些軌道系統的運算能力，機械師可以將指令廣播到極遠之處，即便相隔數個世界地塊，也能指揮自己的機甲。														
ThingDef&APM_GestatorAmplifier.label	mech gestator amplifier							机械体培育增幅器				усилитель гестатора мехов	підсилювач гестатора механоїдів		機械體培育增幅器														
ThingDef&APM_GestatorAmplifier.description	Stolen wartime technology from the mechhive led this gestation amplifier’s technology to fall into organic hands. It increases the mech gestation speed of any mech gestators it is placed adjacent to.							从机械巢群窃取的战时技术，使这种孵化加速器的技术落入了有机体之手。将其放置在任意机甲孵化器的相邻位置，即可提升该孵化器的机甲孵化速度。				Украденные у улья механоидов военные технологии позволили этому усилителю инкубации попасть в руки органиков. Он увеличивает скорость создания механоидов в любых инкубаторах, установленных рядом с ним.	Військові технології рою механоїдів було викрадено, і вони потрапили до рук органіків. Це призвело до появи цього підсилювача гестації. Він збільшує швидкість роботи будь-яких гестаторів механоїдів, розташованих поруч.		從機械巢群竊取的戰時技術，使這種孵化加速器的技術落入了有機體之手。將其放置在任意機甲孵化器的相鄰位置，即可提升該孵化器的機甲孵化速度。														
ThingDef&APM_MechanoidContainer_Cluster.label	ancient mechanoid stasis container							古代机械体停滞容器				Древний контейнер стазиса мехов	давній контейнер стазису механоїда		古代機械體停滯容器														
ThingDef&APM_MechanoidContainer_Cluster.description	A heavy container equipped with autonomous activity-maintenance systems and archaic telemetry screens. Judging by the internal sensors, the mechanoid sealed inside was isolated from the hive mind immediately after its creation. The device is in deep preservation mode. Its mechanisms do not respond to external access codes, but the isolation saved the machine from forced deactivation. By breaking open this container, one can attempt to seize control of the forgotten mechanoid contained within.							一台重型容器，配备自主的活动维持系统与古旧的遥测屏幕。从内部传感器判断，封存其中的机械体在诞生之后便立即被从巢群意识中隔离。该装置处于深度保存模式，其机械结构不响应任何外部访问代码，但正是这种隔离使这台机器免于被强制停机。撬开这台容器，便可尝试夺取其中被遗忘的机械体的控制权。				Появляется в кластерах механоидов и содержит спящего механоида, которого поселенцы могут взломать и перепрограммировать.	Важкий контейнер, оснащений автономними системами підтримки діяльності та архаїчними телеметричними екранами. Судячи з внутрішніх датчиків, запечатаного всередині механоїда було ізольовано від роювого розуму одразу після створення. Пристрій перебуває в режимі глибокої консервації. Його механізми не реагують на зовнішні коди доступу, але ізоляція врятувала машину від примусового вимкнення. Розбивши цей контейнер, можна спробувати перехопити керування забутим механоїдом усередині.		一台重型容器，配備自主的活動維持系統與古舊的遙測螢幕。從內部感測器判斷，封存其中的機械體在誕生之後便立即被從巢群意識中隔離。該裝置處於深度保存模式，其機械結構不響應任何外部存取碼，但正是這種隔離使這台機器免於被強制停機。撬開這台容器，便可嘗試奪取其中被遺忘的機械體的控制權。														
ThingDef&APM_MechanoidContainer_Cluster.comps.0.jobString	hack container							破解容器				взломать контейнер	зламати контейнер		破解容器														
ThingDef&APM_MechanoidContainer_Player.label	mechanoid stasis container							机械体停滞容器				Контейнер стазиса мехов	контейнер стазису механоїда		機械體停滯容器														
ThingDef&APM_MechanoidContainer_Player.description	A specialized stasis container designed for the safe storage of mechanoids. Placing a mechanoid inside completely severs its active neural link with the mechanitor and puts its systems into deep suspended animation. In this state, the machine consumes no power and does not occupy the mechanitor's bandwidth, freeing up valuable network resources. The container allows you to keep an assault or worker squad in reserve, ready for deployment at a moment's notice without risking network overload.							一台专门用于安全存放机械体的静滞容器。将机械体放入其中，会彻底切断它与机械师之间的活动神经连接，并让其系统进入深度休眠状态。在此状态下，这台机器不消耗电力，也不占用机械师的带宽，从而释放宝贵的网络资源。有了这个容器，你可以把一支突击或作业小队留在备用状态，随时准备投入部署，而无需担心网络过载。				Контейнер стазиса механиторов. Позволяет хранить механоида без расхода пропускной способности и дополнительной энергии во время нахождения внутри.	Спеціалізований контейнер стазису, призначений для безпечного зберігання механоїдів. Поміщений усередину механоїд повністю втрачає активний нейронний зв'язок із механітором, а його системи переходять у режим глибокої консервації. У цьому стані машина не споживає енергії й не займає пропускну здатність механітора, вивільняючи цінні мережеві ресурси. Контейнер дозволяє тримати штурмову або робочу групу в резерві, готову до розгортання будь-якої миті, без ризику перевантаження мережі.		一台專門用於安全存放機械體的靜滯容器。將機械體放入其中，會徹底切斷它與機械師之間的活動神經連結，並讓其系統進入深度休眠狀態。在此狀態下，這台機器不消耗電力，也不占用機械師的頻寬，從而釋放寶貴的網絡資源。有了這個容器，你可以把一支突擊或作業小隊留在備用狀態，隨時準備投入部署，而無需擔心網絡過載。														
ThingDef&APM_MechanoidContainer_Player.comps.2.jobString	extract							取出				извлечь	витягти		取出														
ThingDef&APM_MechanoidContainer_Ancient.label	abandoned mechanoid stasis container							被遗弃的机械体停滞容器				Покинутый контейнер стазиса мехов	закинутий контейнер стазису механоїда		被遺棄的機械體停滯容器														
ThingDef&APM_MechanoidContainer_Ancient.description	A stasis container of human make, left running long enough that whoever built it is no longer around to say what is inside. The storage bay reads as occupied and the preservation cycle is still turning over on the last of its reserves. Breaking the seal will wake whatever is in there, and the neural link it once answered to is long dead, so a mechanitor should be able to claim it.							一台人类制造的静滞容器，运行得太久，久到建造它的人早已不在，无从说明里面装的是什么。存储舱显示为已被占用，而保存循环仍靠着最后的储备运转着。破开封印会唤醒里面的东西，而它曾经服从的那条神经连接早已死去，因此机械师应当能够认领它。				Контейнер стазиса человеческого производства, который работал так долго, что тот, кто его построил, уже не сможет сказать, что находится внутри. Отсек хранения значится как занятый, а цикл консервации всё ещё работает на последних резервах. Взлом печати разбудит то, что там находится, а нейронная связь, которой оно некогда подчинялось, давно мертва, так что механитор сможет забрать его себе.	Контейнер стазису людського виробництва, що пропрацював так довго, що той, хто його збудував, уже не може сказати, що всередині. Відсік зберігання показує «зайнято», а цикл консервації досі прокручується на рештках резервів. Злам печаті розбудить те, що там є, а нейронний зв'язок, якому воно колись підкорювалося, давно мертвий, тож механітор зможе забрати його собі.		一台人類製造的靜滯容器，運行得太久，久到建造它的人早已不在，無從說明裡面裝的是什麼。儲存艙顯示為已被占用，而保存循環仍靠著最後的儲備運轉著。破開封印會喚醒裡面的東西，而它曾經服從的那條神經連結早已死去，因此機械師應當能夠認領它。														
ThingDef&APM_MechanoidContainer_Ancient.comps.2.jobString	hack container							破解容器				взломать контейнер	зламати контейнер		破解容器														
ThingDef&APM_MechanoidContainer_Legacy_Lasher.comps.2.jobString	hack container							破解容器				взломать контейнер	зламати контейнер		破解容器														
ThingDef&APM_MechanoidContainer_Legacy_Vassal.comps.2.jobString	hack container							破解容器				взломать контейнер	зламати контейнер		破解容器														
ThingDef&APM_MechanoidContainer_Legacy_Tinker.comps.2.jobString	hack container							破解容器				взломать контейнер	зламати контейнер		破解容器														
ThingDef&APM_RepairStation_Small.label	mech repair station							机械修复工作站				Станция ремонта механоидов	ремонтна станція		機械修復工作站														
ThingDef&APM_RepairStation_Small.description	A station that repairs small and medium mechanoids. The mechanoid enters the station to undergo repairs.							一座用于修理小型与中型机械体的工作站。机械体需要进入站内接受修理。				Автоматическая станция для мелких и средних механоидов, постепенно ремонтирующая их со временем.	Станція, яка автоматично ремонтує малих і середніх механоїдів. Механоїд має зайти всередину станції, щоб пройти ремонт.		一座用於修理小型與中型機械體的工作站。機械體需要進入站內接受修理。														
ThingDef&APM_RepairStation_Advanced.label	advanced mech repair station							高级机械修复工作站				Продвинутая станция ремонта механойдов	удосконалена ремонтна станція		高級機械修復工作站														
ThingDef&APM_RepairStation_Advanced.description	A station that repairs large mechanoids. The mechanoid enters the station to undergo repairs.							一座用于修理大型机械体的工作站。机械体需要进入站内接受修理。				Тяжёлая ремонтная станция для крупных механоидов, чинящая их с высокой скоростью.	Станція, яка автоматично ремонтує великих механоїдів. Механоїд має зайти всередину станції, щоб пройти ремонт.		一座用於修理大型機械體的工作站。機械體需要進入站內接受修理。														
ThingDef&APM_Apparel_MechamancerSuit.label	mechamancer suit							机械法师套装				костюм мехаманта	костюм мехаманта		機械法師套裝														
ThingDef&APM_Apparel_MechamancerSuit.description	A power-assisted armor suit packed with mechanitor-assistance gear. The mechmancer suit dramatically amplifies a mechanitor's bandwidth, providing a personal energy shield and damage resistance comparable to dedicated power armor.							一套动力辅助装甲服，塞满了用于协助机械师的装置。机械法师服装大幅放大机械师的带宽，并提供个人能量护盾，以及可与专用动力装甲媲美的伤害抗性。				Силовой защитный костюм, оснащённый оборудованием для помощи механитору. Костюм мехаманта значительно увеличивает пропускную способность механитора, предоставляя персональный энергетический щит и сопротивление урону, сравнимое со специализированной силовой бронёй.	Силовий бронекостюм, начинений спорядженням для допомоги механітові. Костюм мехаманта значно збільшує пропускну здатність (bandwidth) механітера, забезпечуючи персональний енергетичний щит і стійкість до ушкоджень, порівнянну зі спеціалізованою силовою бронею.		一套動力輔助裝甲服，塞滿了用於協助機械師的裝置。機械法師服裝大幅放大機械師的頻寬，並提供個人能量護盾，以及可與專用動力裝甲媲美的傷害抗性。														
ThingDef&APM_Apparel_ArmorHelmetMechamancerHelmet.label	mechamancer helmet							机械法师头盔				шлем мехаманта	шолом мехаманта		機械法師頭盔														
ThingDef&APM_Apparel_ArmorHelmetMechamancerHelmet.description	A heavy plasteel-weave helmet integrated with mechanoid-coordination systems. Enhances the wearer’s general control over of allied mechanoids, increasing mechanitor bandwidth and command groups while providing moderate protection.							一顶塑钢编织的重型头盔，集成了机械体协同系统。它能增强穿戴者对友方机械体的整体掌控，提升机械师带宽与指挥组数量，同时提供中等程度的防护。				Тяжёлый шлем из пласталевого плетения со встроенными системами координации механоидов. Улучшает общий контроль носителя над союзными механоидами, увеличивая пропускную способность и количество групп контроля механитора, а также обеспечивая умеренную защиту.	Важкий шолом із пластисталевого плетення зі вбудованими системами координації механоїдів. Посилює загальний контроль носія над союзними механоїдами, збільшуючи пропускну здатність і кількість командних груп механітора, а також забезпечуючи помірний захист.		一頂塑鋼編織的重型頭盔，整合了機械體協同系統。它能增強穿戴者對友方機械體的整體掌控，提升機械師頻寬與指揮組數量，同時提供中等程度的防護。														
ThingDef&APM_Apparel_MechamancerPack.label	Mechamancer Pack							机械法师背包				рюкзак мехаманта	ранцевий мехамант		機械法師背包														
ThingDef&APM_Apparel_MechamancerPack.description	A backpack containing an advanced bandwidth-expansion computer andl antenna. Increases a mechanitor’s maximum total bandwidth and control groups. When fueled with steel, it can construct small mechanoids that operate independently without consuming bandwidth. Each mechanitor can deploy up to two satellite mechanoids simultaneously.							一个紧凑的机械师支援背包，可部署临时卫星机甲。每个卫星在部署前都需要用钢材充能。				Рюкзак, содержащий продвинутый компьютер расширения пропускной способности и антенну. Увеличивает максимальную пропускную способность и количество групп контроля механитора. При заправке сталью позволяет конструировать малых механоидов, действующих независимо и не потребляющих пропускную способность. Каждый механитор может развернуть до двух механоидов-сателлитов одновременно.	Компактний допоміжний ранець механістора, здатний розгортати тимчасових супутників-мехів. Кожен супутник потребує сталевої підзарядки перед розгортанням.		一個緊湊的機械師支援背包，可部署臨時衛星機甲。每個衛星在部署前都需要用鋼材充能。														
ThingDef&APM_Smokescreen.label	smokescreen gas							烟幕气体				дымовая завеса	газ димової завіси		煙幕氣體														
ThingDef&APM_Smokescreen_Boss.label	smokescreen gas							烟幕气体				дымовая завеса	газ димової завіси		煙幕氣體														
ThingDef&APM_OcularChip.label	ocular harmonizer chip							眼部协调芯片				окулярный чип-гармонизатор	чип гармонізації зору		眼部協調晶片														
ThingDef&APM_OcularChip.description	A stabilization matrix that synchronizes hellsphere turbulence into a coherent firing pattern. Without one, any ocular beam platform would tear itself apart. It is necessary to produce certain advanced types of mechanoids and equipment. A mechanitor can study this chip to help unlock higher tiers of mechtech research.							一块稳定矩阵，能将地狱球的湍流同步为连贯的射击模式。没有它，任何眼部光束平台都会把自己撕成碎片。它是生产某些高级机械体与装备的必需品。机械师可以研究这块芯片，以协助解锁更高层级的机械科技研究。				Матрица стабилизации, синхронизирующая турбулентность адской сферы в согласованный поток стрельбы. Без неё любая платформа окулярного луча развалилась бы на части. Необходим для производства некоторых продвинутых типов механоидов и снаряжения. Механитор может изучить этот чип, чтобы разблокировать более высокие уровни исследований мехатехники.	Матриця стабілізації, що синхронізує турбулентність дезінтегратора в узгоджений візерунок стрільби. Без неї будь-яка платформа очного променя розірвала б себе на шматки. Вона необхідна для виробництва певних просунутих типів механоїдів і спорядження. Механітор може дослідити цей чип, щоб розблокувати вищі рівні досліджень мехтехнологій.		一塊穩定矩陣，能將地獄球的湍流同步為連貫的射擊模式。沒有它，任何眼部光束平台都會把自己撕成碎片。它是生產某些高階機械體與裝備的必需品。機械師可以研究這塊晶片，以協助解鎖更高層級的機械科技研究。														
ThingDef&APM_OcularChip.comps.0.jobString	Analyze chip							分析芯片				Изучить чип	Дослідити чип		分析晶片														
ThingDef&APM_PsionicChip.label	psionic coordination chip							灵能协调芯片				чип пси-координации	чип псі-координації		靈能協調晶片														
ThingDef&APM_PsionicChip.description	A psychic-command mechanoid micro-organ infused with an Archotech echo of martial authority. Generates localized command fields, amplifying allied effectiveness. It is necessary to produce certain advanced types of mechanoids and equipment. A mechanitor can study this chip to help unlock higher tiers of mechtech research.							一枚被注入了级外智能所留军事权威回响的灵能指挥机械体微器官。它能生成局部指挥场，放大友军的作战效能。它是生产某些高级机械体与装备的必需品。机械师可以研究这块芯片，以协助解锁更高层级的机械科技研究。				Пси-командный микроорган механоидов, наполненный архотековым эхом военной власти. Создаёт локализованные командные поля, повышая эффективность союзников. Необходим для производства некоторых продвинутых типов механоидов и снаряжения. Механитор может изучить этот чип, чтобы разблокировать более высокие уровни исследований мехатехники.	Психокомандний мікроорган механоїдів, просякнутий архотековим відлунням військової влади. Генерує локалізовані командні поля, підсилюючи ефективність союзників. Необхідний для виробництва певних просунутих типів механоїдів і спорядження. Механітор може дослідити цей чип, щоб розблокувати вищі рівні досліджень мехтехнологій.		一枚被注入了級外智能所留軍事權威迴響的靈能指揮機械體微器官。它能生成局部指揮場，放大友軍的作戰效能。它是生產某些高階機械體與裝備的必需品。機械師可以研究這塊晶片，以協助解鎖更高層級的機械科技研究。														
ThingDef&APM_PsionicChip.comps.0.jobString	Analyze chip							分析芯片				Изучить чип	Дослідити чип		分析晶片														
ThingDef&APM_ExtraChip.label	extrasensory amplification chip							超感官增幅芯片				чип усиления чувствительности	чип екстрасенсорного підсилення		超感官增幅晶片														
ThingDef&APM_ExtraChip.description	A emotion weaving mechanoid micro-organ engineered to magnify and regulate extrasensory mental force. It artificially amplifies emotions and the resulting psychic energy while limiting damage to the mind. It is necessary to produce certain advanced types of mechanoids and equipment. A mechanitor can study this chip to help unlock higher tiers of mechtech research.							一种编织情感的机械体微器官，经设计用于放大并调节超感官的精神力量。它能人为强化情感以及由此产生的灵能，同时限制对心智造成的损伤。它是生产某些高级机械体与装备的必需品。机械师可以研究这块芯片，以协助解锁更高层级的机械科技研究。				Микроорган механоидов, сплетающий эмоции, разработанный для усиления и регулирования внечувственной ментальной силы. Он искусственно усиливает эмоции и возникающую пси-энергию, ограничивая при этом урон для разума. Необходим для производства некоторых продвинутых типов механоидов и снаряжения. Механитор может изучить этот чип, чтобы разблокировать более высокие уровни исследований мехатехники.	Мікроорган механоїдів, що плете емоції: його створено для підсилення та регулювання екстрасенсорної ментальної сили. Він штучно підсилює емоції й похідну психічну енергію, обмежуючи при цьому шкоду для розуму. Необхідний для виробництва певних просунутих типів механоїдів і спорядження. Механітор може дослідити цей чип, щоб розблокувати вищі рівні досліджень мехтехнологій.		一種編織情感的機械體微器官，經設計用於放大並調節超感官的精神力量。它能人為強化情感以及由此產生的靈能，同時限制對心智造成的損傷。它是生產某些高階機械體與裝備的必需品。機械師可以研究這塊晶片，以協助解鎖更高層級的機械科技研究。														
ThingDef&APM_ExtraChip.comps.0.jobString	Analyze chip							分析芯片				Изучить чип	Дослідити чип		分析晶片														
ThingDef&APM_PsyfluxChip.label	psyflux projection chip							灵能通量投射芯片				чип проекции пси-потока	чип проекції псифлюксу		靈能通量投射晶片														
ThingDef&APM_PsyfluxChip.description	A perception-warping mechanoid micro-organ that regulates rapid displacement, charged-particle emissions, and brief periods of psychic imperceptibility. It is necessary to produce certain advanced types of mechanoids and equipment. A mechanitor can study this chip to help unlock higher tiers of mechtech research.							一枚扭曲感知的机械体微器官，负责调控快速位移、带电粒子发射，以及短暂的灵能不可感知状态。它是生产某些高级机械体与装备的必需品。机械师可以研究这块芯片，以协助解锁更高层级的机械科技研究。				Искажающий восприятие микроорган механоидов, регулирующий быстрое перемещение, испускание заряженных частиц и короткие периоды пси-невидимости. Необходим для производства некоторых продвинутых типов механоидов и снаряжения. Механитор может изучить этот чип, чтобы разблокировать более высокие уровни исследований мехатехники.	Мікроорган механоїдів, що викривлює сприйняття: він регулює швидке переміщення, випромінювання заряджених частинок і короткі періоди психічної невловимості. Необхідний для виробництва певних просунутих типів механоїдів і спорядження. Механітор може дослідити цей чип, щоб розблокувати вищі рівні досліджень мехтехнологій.		一枚扭曲感知的機械體微器官，負責調控快速位移、帶電粒子發射，以及短暫的靈能不可感知狀態。它是生產某些高階機械體與裝備的必需品。機械師可以研究這塊晶片，以協助解鎖更高層級的機械科技研究。														
ThingDef&APM_PsyfluxChip.comps.0.jobString	Analyze chip							分析芯片				Изучить чип	Дослідити чип		分析晶片														
ThingDef&APM_Mech_Aegis.label	Aegis							神盾				эгида	егіда		神盾														
ThingDef&APM_Mech_Aegis.description	The Aegis is a mighty mechanoid that sacrifices offensive capabilities for defensive mastery. The phrase 'The best defense is a good offense' rings true with the Aegis' dual shields.							神盾是一台强大的机械体，它以牺牲进攻能力为代价，换取防守上的极致造诣。「最好的防守就是进攻」这句老话，在神盾的双盾上得到了印证。				Эгида — мощный механоид, который жертвует наступательными возможностями ради мастерства защиты. Поговорка «Лучшая защита — это нападение» полностью подтверждается двойными щитами эгиды.	Егіда — могутній механоїд, що жертвує наступальними можливостями заради майстерності оборони. Прислів'я «Найкращий захист — це напад» якнайкраще підтверджується парними щитами егіди.		神盾是一台強大的機械體，它以犧牲進攻能力為代價，換取防守上的極致造詣。「最好的防守就是進攻」這句老話，在神盾的雙盾上得到了印證。														
PawnKindDef&APM_Mech_Aegis.label	Aegis							神盾				эгида	егіда		神盾														
AbilityDef&APM_CelerusBlink.label	Blink							闪烁				скачок	стрибок		閃爍														
AbilityDef&APM_CelerusBlink.description	Active onboard "blink" micro skip drive, skip to target loction.							折叠施法者周围的空间，并瞬间将其闪烁到附近所选位置，留下不稳定的暗影碎片。				Активация бортового микропривода скачка для мгновенного перемещения в указанную точку.	Активувати бортовий мініатюрний стрибковий двигун і миттєво переміститися у вибрану точку.		摺疊施法者周圍的空間，並瞬間將其閃爍到附近所選位置，留下不穩定的暗影碎片。														
ThingDef&APM_Mech_Conqueror_DMR.label	carabine conqueror							卡宾征服者				завоеватель (карабин)	завойовник (карабін)		卡賓征服者														
ThingDef&APM_Mech_Conqueror_DMR.description	The conqueror is an all around infantry mechanoid created to balance out the specializations of the existing scyther and lancer type mechanoids. They have additional strength in numbers though, their systems able to link between other allied conquerors in range, increasing their processing power and in turn, their effectiveness together. Additionally, one unit in a group can choose to overclock their shared processing unit, giving nearby conquerors a larger boost, at the cost of entirely frying the overlocked unit’s physical components.\nThis one is armed with a highly powered Charge Carbine.							征服者是一台全能型步兵机械体，其设计目的是平衡现有镰刀机械体与长枪机械体各自的专精。它们还拥有数量带来的额外优势：其系统能够与射程内的其他友方征服者建立连接，提升运算能力，进而提高整体的作战效能。此外，队伍中的一台单位可以选择超频它们共享的运算单元，为附近的征服者带来更大的增益，代价是彻底烧毁该超频单元的物理部件。 \n 这一台装备着高功率的电荷卡宾枪。				Завоеватель — универсальный пехотный механоид, созданный для балансировки специализаций существующих типов механоидов «скирмишер» и «лансер». Они обладают дополнительной силой за счет численности: их системы способны объединяться в сеть с другими союзными завоевателями в радиусе действия, увеличивая их вычислительную мощность и общую эффективность. Кроме того, один из юнитов в группе может перегрузить общий вычислительный модуль, давая ближайшим завоевателям мощный прирост характеристик ценой полного выхода из строя физических компонентов перегруженного устройства. \n Этот экземпляр вооружен мощным зарядовым карабином.	Завойовник — універсальний піхотний механоїд, створений, щоб урівноважити спеціалізації наявних механоїдів типів «женець» і «улан». Вони мають додаткову силу в кількості: їхні системи здатні з'єднуватися з іншими союзними завойовниками в радіусі дії, підвищуючи обчислювальну потужність, а отже, й спільну ефективність. Крім того, одна одиниця в групі може перевантажити свій спільний обчислювальний блок, даючи ближнім завойовникам більший приріст ціною повного спалення власних фізичних компонентів. \n Цей механоїд озброєний високопотужним енергокарабіном.		征服者是一台全能型步兵機械體，其設計目的是平衡現有鐮刀機械體與長槍機械體各自的專精。它們還擁有數量帶來的額外優勢：其系統能夠與射程內的其他友方征服者建立連結，提升運算能力，進而提高整體的作戰效能。此外，隊伍中的一台單位可以選擇超頻它們共享的運算單元，為附近的征服者帶來更大的增益，代價是徹底燒毀該超頻單元的物理部件。 \n 這一台裝備著高功率的電荷卡賓槍。														
PawnKindDef&APM_Mech_Conqueror_DMR.label	carabine conqueror							卡宾征服者				завоеватель (карабин)	завойовник (карабін)		卡賓征服者														
ThingDef&APM_Mech_Conqueror_AR.label	blaster conqueror							爆破征服者				завоеватель (бластер)	завойовник (гвинтівка)		爆破征服者														
ThingDef&APM_Mech_Conqueror_AR.description	The conqueror is an all around infantry mechanoid created to balance out the specializations of the existing scyther and lancer type mechanoids. They have additional strength in numbers though, their systems able to link between other allied conquerors in range, increasing their processing power and in turn, their effectiveness together. Additionally, one unit in a group can choose to overclock their shared processing unit, giving nearby conquerors a larger boost, at the cost of entirely frying the overlocked unit’s physical components.\nThis one is armed with a powerful Charge Blaster.							征服者是一台全能型步兵机械体，其设计目的是平衡现有镰刀机械体与长枪机械体各自的专精。它们还拥有数量带来的额外优势：其系统能够与射程内的其他友方征服者建立连接，提升运算能力，进而提高整体的作战效能。此外，队伍中的一台单位可以选择超频它们共享的运算单元，为附近的征服者带来更大的增益，代价是彻底烧毁该超频单元的物理部件。 \n 这一台装备着威力强大的电荷爆破枪。				Завоеватель — универсальный пехотный механоид, созданный для балансировки специализаций существующих типов механоидов «скирмишер» и «лансер». Они обладают дополнительной силой за счет численности: их системы способны объединяться в сеть с другими союзными завоевателями в радиусе действия, увеличивая их вычислительную мощность и общую эффективность. Кроме того, один из юнитов в группе может перегрузить общий вычислительный модуль, давая ближайшим завоевателям мощный прирост характеристик ценой полного выхода из строя физических компонентов перегруженного устройства. \n Этот экземпляр вооружен мощным зарядовым бластером.	Завойовник — універсальний піхотний механоїд, створений, щоб урівноважити спеціалізації наявних механоїдів типів «женець» і «улан». Вони мають додаткову силу в кількості: їхні системи здатні з'єднуватися з іншими союзними завойовниками в радіусі дії, підвищуючи обчислювальну потужність, а отже, й спільну ефективність. Крім того, одна одиниця в групі може перевантажити свій спільний обчислювальний блок, даючи ближнім завойовникам більший приріст ціною повного спалення власних фізичних компонентів. \n Цей механоїд озброєний потужним бластером.		征服者是一台全能型步兵機械體，其設計目的是平衡現有鐮刀機械體與長槍機械體各自的專精。它們還擁有數量帶來的額外優勢：其系統能夠與射程內的其他友方征服者建立連結，提升運算能力，進而提高整體的作戰效能。此外，隊伍中的一台單位可以選擇超頻它們共享的運算單元，為附近的征服者帶來更大的增益，代價是徹底燒毀該超頻單元的物理部件。 \n 這一台裝備著威力強大的電荷爆破槍。														
PawnKindDef&APM_Mech_Conqueror_AR.label	blaster conqueror							爆破征服者				завоеватель (бластер)	завойовник (гвинтівка)		爆破征服者														
ThingDef&APM_Mech_Conqueror_SMG.label	spitter conqueror							喷吐征服者				завоеватель (пулемет)	завойовник (кулемет)		噴吐征服者														
ThingDef&APM_Mech_Conqueror_SMG.description	The conqueror is an all around infantry mechanoid created to balance out the specializations of the existing scyther and lancer type mechanoids. They have additional strength in numbers though, their systems able to link between other allied conquerors in range, increasing their processing power and in turn, their effectiveness together. Additionally, one unit in a group can choose to overclock their shared processing unit, giving nearby conquerors a larger boost, at the cost of entirely frying the overlocked unit’s physical components.\nThis one is armed with a powerful Charge Spitter.							征服者是一台全能型步兵机械体，其设计目的是平衡现有镰刀机械体与长枪机械体各自的专精。它们还拥有数量带来的额外优势：其系统能够与射程内的其他友方征服者建立连接，提升运算能力，进而提高整体的作战效能。此外，队伍中的一台单位可以选择超频它们共享的运算单元，为附近的征服者带来更大的增益，代价是彻底烧毁该超频单元的物理部件。 \n 这一台装备着威力强大的电荷喷吐枪。				Завоеватель — универсальный пехотный механоид, созданный для балансировки специализаций существующих типов механоидов «скирмишер» и «лансер». Они обладают дополнительной силой за счет численности: их системы способны объединяться в сеть с другими союзными завоевателями в радиусе действия, увеличивая их вычислительную мощность и общую эффективность. Кроме того, один из юнитов в группе может перегрузить общий вычислительный модуль, давая ближайшим завоевателям мощный прирост характеристик ценой полного выхода из строя физических компонентов перегруженного устройства. \n Этот экземпляр вооружен мощным зарядовым распылителем.	Завойовник — універсальний піхотний механоїд, створений, щоб урівноважити спеціалізації наявних механоїдів типів «женець» і «улан». Вони мають додаткову силу в кількості: їхні системи здатні з'єднуватися з іншими союзними завойовниками в радіусі дії, підвищуючи обчислювальну потужність, а отже, й спільну ефективність. Крім того, одна одиниця в групі може перевантажити свій спільний обчислювальний блок, даючи ближнім завойовникам більший приріст ціною повного спалення власних фізичних компонентів. \n Цей механоїд озброєний потужним енергокулеметом.		征服者是一台全能型步兵機械體，其設計目的是平衡現有鐮刀機械體與長槍機械體各自的專精。它們還擁有數量帶來的額外優勢：其系統能夠與射程內的其他友方征服者建立連結，提升運算能力，進而提高整體的作戰效能。此外，隊伍中的一台單位可以選擇超頻它們共享的運算單元，為附近的征服者帶來更大的增益，代價是徹底燒毀該超頻單元的物理部件。 \n 這一台裝備著威力強大的電荷噴吐槍。														
PawnKindDef&APM_Mech_Conqueror_SMG.label	spitter conqueror							喷吐征服者				завоеватель (пулемёт)	завойовник (кулемет)		噴吐征服者														
AbilityDef&APM_UltimateSacrifice.label	ultimate sacrifice							终极牺牲				высшая жертва	остання жертва		終極犧牲														
AbilityDef&APM_UltimateSacrifice.description	By rapidly performing complex aiming, movement and logic calculations until its processing units liquify from the heat, this mechanoid grants its nearby allies a temporary stat buff							通过高速执行复杂的瞄准、移动与逻辑运算，直到处理单元因高热而熔毁，这台机械体为附近的盟友提供一次临时属性加成。				Быстро выполняя сложные расчеты прицеливания, движения и логистики до тех пор, пока их процессорные блоки не расплавятся от жары, этот механоид наделяет ближайших союзников временным усилением характеристик.	Один із Завойовників може пожертвувати собою, щоб дати потужне підсилення всім союзним Завойовникам у радіусі дії.		透過高速執行複雜的瞄準、移動與邏輯運算，直到處理單元因高熱而熔毀，這台機械體為附近的盟友提供一次臨時屬性加成。														
HediffDef&APM_Hediff_UltimateSacrifice.label	ultimate sacrifice							终极牺牲				абсолютная жертва	вища жертва		終極犧牲														
HediffDef&APM_Hediff_UltimateSacrifice.description	Ultimate Sacrifice - One conqueror sacrifice himself to give a powerful buff to all allied conquerors in radius.							终极牺牲——一名征服者牺牲自己，为半径内所有友方征服者提供强力增益。				Абсолютная жертва — один из завоевателей жертвует собой, чтобы дать мощное усиление всем союзным завоевателям в радиусе действия.	Один із Завойовників може пожертвувати собою, щоб дати потужне підсилення всім союзним Завойовникам у радіусі дії.		終極犧牲——一名征服者犧牲自己，為半徑內所有友方征服者提供強力增益。														
ThingDef&APM_Mech_Dominus.label	Dominus							主宰				доминус	домінус		主宰														
ThingDef&APM_Mech_Dominus.description	Three powerful mechanoid types were created by an Archotech mind in an attempt to create a central commander of all mechanoid forces. Influenced by the Old Earth nation of Rome, the Dominus provides considerable buffs to nearby allies and personally challenges perceived threats in 1v1 melee combat. The pure force of its determination manifests in a psychic maelstrom forming around those it challenges, summoning a shield generator and increasing damage taken until one stands victorious or it exhausts its will after a certain amount of time. If this occurs, both duelists will be significantly weakened for a period. If a victor emerges, the opposite will occur. It can alternatively channel its will into a temporary wave of energy for its allies. Additionally, mechanitors can extend their command range in a radius around this mech if under their control.							三款强大的机械体型号由某个级外智能创造而出，试图以此打造统率所有机械体部队的核心指挥官。受古地球罗马的启发，主宰为附近的友军提供可观的增益，并亲自向所感知到的威胁发起一对一的近战挑战。它那纯粹的决心之力会化作灵能漩涡，笼罩在它挑战的对象周围，召唤出护盾发生器并提高所受伤害，直到有一方胜出，或是在一定时间后它的意志耗尽。若出现后一种情况，两名决斗者都会在一段时间内被显著削弱；若决出胜者，则效果相反。此外，它也可以将意志转化为一道为友军而生的短暂能量波。另外，若这台机甲受机械师控制，机械师可以将指挥范围延伸到它周围的半径内。				Три мощных типа механоидов были созданы разумом архотеки в попытке сформировать центрального командира всех сил механоидов. Надохновленный римской нацией Старой Земли, доминус предоставляет значительные усиления ближайшим союзникам и лично бросает вызов воспринимаемым угрозам в рукопашном бою 1 на 1. Чистая сила его решимости материализуется в виде психического водоворота вокруг тех, кому брошен вызов, призывая генератор щита и увеличивая получаемый урон, пока один из них не одержит победу или воля не исчерпает себя по истечении времени. В этом случае оба дуэлянта на время значительно ослабнут. Если же появится победитель, произойдет обратное. В качестве альтернативы доминус может направить свою волю в временную волну энергии для поддержки союзников. Кроме того, под управлением механітора этот мех расширяет радиус его командной зоны.	Три могутні моделі механоїдів були створені розумом Архотеха у спробі створити єдиного головнокомандувача всіх сил механоїдів. Натхнений Давнім Римом Старої Землі, Домінус надає значні підсилення союзникам поруч і особисто кидає виклик поміченим загрозам у ближньому бою один на один. Чиста сила його рішучості виявляється у психічному вихорі, що виникає навколо тих, кому кинуто виклик: з'являється генератор щита, а отримуваний урон зростає, доки хтось не здобуде перемогу або Домінус не вичерпає свою рішучість через певний час. Якщо це станеться, обидва дуелянти будуть значно послаблені на деякий час. Якщо ж з'явиться переможець — станеться протилежне. Як альтернативу Домінус може спрямувати свою волю в короткочасну хвилю енергії для союзників. Крім того, якщо цей механоїд перебуває під керуванням механітора, той може розширити свій командний радіус на зону навколо Домінуса.		三款強大的機械體型號由某個級外智能創造而出，試圖以此打造統率所有機械體部隊的核心指揮官。受古地球羅馬的啟發，主宰為附近的友軍提供可觀的增益，並親自向所感知到的威脅發起一對一的近戰挑戰。它那純粹的決心之力會化作靈能漩渦，籠罩在它挑戰的對象周圍，召喚出護盾產生器並提高所受傷害，直到有一方勝出，或是在一定時間後它的意志耗盡。若出現後一種情況，兩名決鬥者都會在一段時間內被顯著削弱；若決出勝者，則效果相反。此外，它也可以將意志轉化為一道為友軍而生的短暫能量波。另外，若這台機甲受機械師控制，機械師可以將指揮範圍延伸到它周圍的半徑內。														
AbilityDef&APM_PressTheAttack.label	Press The Attack							乘胜追击				развитие атаки	натиск		乘勝追擊														
AbilityDef&APM_PressTheAttack.description	The Dominus emits a psychic pulse that influences nearby allies to ignore pain, move faster and stay in high spirits.							主宰发出一道灵能脉冲，促使附近的盟友无视疼痛、行动更快并保持高昂士气。				Доминус испускает психический импульс, побуждающий ближайших союзников игнорировать боль, двигаться быстрее и сохранять бодрость духа.	Домінус випромінює психічний імпульс, що спонукає ближніх союзників ігнорувати біль, рухатися швидше й зберігати бадьорість духу.		主宰發出一道靈能脈衝，促使附近的盟友無視疼痛、行動更快並保持高昂士氣。														
ThingDef&APM_Mech_Dynamo.label	dynamo							迪纳摩				динамо	динамо		迪納摩														
ThingDef&APM_Mech_Dynamo.description	An hybrid of mechanoid and and mechhive infrastructure, the dynamo is outfitted with an oversized internal reactor. The drawbacks of its increased power output means that vanometric means are not enough to fuel this reactor, requiring uranium to stay active. It has the ability to anchor itself in the ground and attach itself to an existing power grid as well as use its energy to act as a mobile shield generator, able to process excess uranium to regenerate the durability of its shield.							作为机械体与机械巢群基础设施的混合体，迪纳摩配备了一台超规格的内部反应堆。输出功率提升的代价是，瓦诺计量电池已不足以驱动这座反应堆，它需要铀才能维持运转。它能够锚定在地面并接入已有的电网，也能用自己的能量充当移动式护盾发生器，并消耗多余的铀来恢复护盾的耐久度。				Гибрид механоида и инфраструктуры улья, динамо оснащён мощным внутренним реактором. Вырабатываемая им колоссальная энергия требует уранового топлива для поддержания работы, поэтому ванометрических элементов ему недостаточно. Динамо способен укореняться в земле, подсоединяясь к существующей энергосети, а также использовать свою энергию как мобильный генератор щита, перерабатывая излишки урана для восстановления его прочности.	Гібрид механоїда й інфраструктури мехрою: динамо оснащене надмірно великим внутрішнім реактором. Зворотний бік його підвищеної вихідної потужності в тому, що ванометричних джерел замало для живлення цього реактора — потрібен уран, щоб він працював. Динамо здатне закріплюватися в ґрунті й підключатися до наявної енергомережі, а також використовувати свою енергію як мобільний генератор щита, переробляючи надлишок урану для відновлення міцності щита.		作為機械體與機械巢群基礎設施的混合體，迪納摩配備了一台超規格的內部反應爐。輸出功率提升的代價是，瓦諾計量電池已不足以驅動這座反應爐，它需要鈾才能維持運轉。它能夠錨定在地面並接入已有的電網，也能用自己的能量充當移動式護盾產生器，並消耗多餘的鈾來恢復護盾的耐久度。														
PawnKindDef&APM_Mech_Dynamo.label	dynamo							迪纳摩				динамо	динамо		迪納摩														
ThingDef&APM_Mech_Frostivus.label	Frostivus							霜语者				морозус	морозус		霜語者														
ThingDef&APM_Mech_Frostivus.description	A very unique mechanoid, the frostivus is a mobile cryogenic chamber. It consumes organic material such as foodstuffs to store, freeze and dispense at request. It can be commanded to seal a targeted pawn inside of itself to store for the mechhive to later utilize for its twisted machinations.							一台极为独特的机械体，霜语者是一间可移动的低温仓。它消耗食物之类的有机材料，按需进行储存、冷冻与分发。也可以命令它将指定的小人封入自己体内保存，供机械巢群日后用于其扭曲的图谋。				Очень необычный механоид, представляющий собой мобильную криогенную камеру. Он поглощает органические материалы и продукты питания для хранения, заморозки и выдачи по требованию. Ему также можно приказать запечатать внутри себя цель для последующего использования ульем механоидов в своих зловещих целях.	Вельми незвичайний механоїд: морозус — це мобільна кріогенна камера. Він поглинає органічні матеріали, наприклад харчі, щоб зберігати, заморожувати й видавати їх на вимогу. Йому можна наказати запечатати всередині себе вибраного персонажа, щоб мехрій згодом використав його у своїх спотворених задумах.		一台極為獨特的機械體，霜語者是一間可移動的低溫艙。它消耗食物之類的有機材料，按需進行儲存、冷凍與分發。也可以命令它將指定的小人封入自己體內保存，供機械巢群日後用於其扭曲的圖謀。														
PawnKindDef&APM_Mech_Frostivus.label	frostivus							霜语者				морозус	морозус		霜語者														
AbilityDef&APM_Ability_CryptoSwallow.label	Crypto Swallow							低温吞噬				Криопоглощение	кріопоглинання		低溫吞噬														
AbilityDef&APM_Ability_CryptoSwallow.description	Engulfs a humanlike pawn or corpse, sealing it within an internal cryo-chamber. Preserves the target in suspended animation until released.							吞没活体殖民者或尸体，并将其封入内部低温舱，直到被释放。				Поглощает гуманоида или труп, запечатывая его во внутренней криокамере. Удерживает цель в состоянии анабиоза до момента извлечения.	Поглинути живу пішку або тіло й запечатати всередині внутрішньої кріокамери до випуску.		吞沒活體殖民者或屍體，並將其封入內部低溫艙，直到被釋放。														
ThingDef&APM_Mech_Gazer.label	Gazer							凝视者				созерцатель	спостерігач		凝視者														
ThingDef&APM_Mech_Gazer.description	A different application of hellsphere technology resulted in the Gazer, a mechanoid clearly identified by its primary ocular beam emitter. This weapon is strong enough that the gazer must lock itself in place and divert all motor functions to stabilizing itself when firing. Even then, a significant charge time is required. The resultant beam can obliterate anything in front of it, even doing decent damage to structures. When pressed in close quarters, the Gazer can instead discharge the accumulated energy outward as a violent shockwave that hurls attackers back and disrupts nearby mechanized targets.							地狱球技术的另一种应用造就了凝视者——一台以主眼光束发射器为显著特征的机械体。其武器威力强大，开火时凝视者必须锁定自身，并将全部运动机能转移到稳定姿态上，即便如此仍需较长的蓄能时间。所发射的光束能摧毁前方的一切，甚至对建筑造成可观伤害。在近距离受迫时，凝视者会将蓄积的能量向外释放为猛烈冲击波，将攻击者击退并扰乱附近机械化目标。				Иное применение технологий адской сферы привело к созданию созерцателя — механоида, легко узнаваемого по его главному окулярному излучателю. Это оружие настолько мощное, что перед выстрелом механоид вынужден фиксировать корпус на месте и перенаправлять все моторные функции на стабилизацию. Но даже при этом требуется длительная зарядка. Итоговый луч способен испепелить всё на своём пути, нанося ощутимый урон даже постройкам. В ближнем бою созерцатель может высвободить накопленную энергию наружу в виде разрушительной ударной волны, отбрасывающей нападающих и выводящей из строя соседние механизмы.	Інше застосування технології дезінтегратора породило Спостерігача — механоїда, що його легко впізнати за очною променевою установкою. Ця зброя настільки потужна, що під час стрільби Спостерігачеві доводиться фіксуватися на місці, спрямовуючи всі рухові функції на власну стабілізацію. Та навіть тоді потрібен чималий час на заряджання. Випромінюваний промінь здатен спопелити все перед собою, завдаючи при цьому відчутної шкоди навіть спорудам. А опинившись у ближньому бою з ворогом, Спостерігач може натомість вивільнити накопичену енергію у вигляді потужної ударної хвилі довкола себе, що відкидає нападників і виводить з ладу ближніх механоїдів.		地獄球技術的另一種應用造就凝視者——一台以主眼光束發射器為顯著特徵的機械體。其武器威力強大，開火時凝視者必須鎖定自身，並將全部運動機能轉移到穩定姿態上，即便如此仍需較長的蓄能時間。所發射的光束能摧毀前方的一切，甚至對建築造成可觀傷害。在近距離受迫時，凝視者會將蓄積的能量向外釋放為猛烈衝擊波，將攻擊者擊退並擾亂附近機械化目標。														
PawnKindDef&APM_Mech_Gazer.label	gazer							凝视者				созерцатель	спостерігач		凝視者														
ThingDef&APM_Mech_Haze.label	Haze							迷雾				мгла	завіса		迷霧														
ThingDef&APM_Mech_Haze.description	A mechanoid experiment into organic area denial, the haze can pump tox gas into the area around it. Its melee attacks are especially lethal, inflicting toxic buildup upon hit. The intellect of the mechhive knows no bounds, even repurposing its waste products to further its goals.							机械巢群在有机体区域封锁上的一次实验：迷雾能够向周围区域泵送毒气。它的近战攻击尤为致命，命中时会造成毒素累积。机械巢群的智能没有边界，甚至连自身的废弃物都能被重新利用，以推进它的目标。				Эксперимент улья по органическому сдерживанию территорий. Мгла способна накачивать токсичный газ в окружающее пространство. Её атаки ближнего боя смертоносны и отравляют цель при каждом ударе. Разум улья не знает границ, находят применение даже собственным токсичным отходам.	Експеримент механоїдів з органічного стримування території: завіса здатна нагнітати токсичний газ у простір навколо себе. Її атаки ближнього бою особливо смертоносні — при влучанні вони викликають накопичення токсинів. Інтелект мехрою не знає меж: він навіть знаходить застосування власним відходам заради своїх цілей.		機械巢群在有機體區域封鎖上的一次實驗：迷霧能夠向周圍區域泵送毒氣。它的近戰攻擊尤為致命，命中時會造成毒素累積。機械巢群的智能沒有邊界，甚至連自身的廢棄物都能被重新利用，以推進它的目標。														
PawnKindDef&APM_Mech_Haze.label	haze							迷雾				мгла	завіса		迷霧														
ThingDef&APM_Mech_Ingestor.label	Ingestor							吞噬者				поглотитель	поглинач		吞噬者														
ThingDef&APM_Mech_Ingestor.description	While mechtech devices typically rely on internal power cells, provided electricity and incendiary fuel are still needed. The ingestor scourers the remains of battlefields for survivors to finish off and organic material including corpses, to automatically refine into chemfuel within its chassis.							虽然机械科技装置通常依赖内置电池，但外部电力与助燃燃料仍然不可或缺。吞噬者会扫荡战场的残骸，寻找幸存者予以补刀，并收集包括尸体在内的有机材料，在自身机体内自动提炼为化学燃料。				Хотя большинство механизмов полагается на ячейки питания, электроэнергия и химтопливо всё ещё необходимы. Поглотитель прочёсывает поля сражений в поисках выживших для их добивания, а также собирает органику и трупы, автоматически перерабатывая их в химтопливо прямо внутри своего корпуса.	Хоча пристрої мехтехнологій зазвичай покладаються на внутрішні енерго елементи, електроенергія й запалювальне паливо все ще потрібні. Поглинач прочісує рештки полів боїв у пошуках уцілілих, щоб добити їх, а також органічних матеріалів, зокрема трупів, автоматично переробляючи їх на хімічне паливо всередині свого корпусу.		雖然機械科技裝置通常依賴內建電池，但外部電力與助燃燃料仍然不可或缺。吞噬者會掃蕩戰場的殘骸，尋找倖存者予以補刀，並收集包括屍體在內的有機材料，在自身機體內自動提煉為化學燃料。														
PawnKindDef&APM_Mech_Ingestor.label	ingestor							吞噬者				поглотитель	поглинач		吞噬者														
ThingDef&APM_Mech_Javelin.label	javelin							标枪				джавелин	джавелін		標槍														
ThingDef&APM_Mech_Javelin.description	While standard mechanoids rely on direct ballistic impacts, the Javelin acts as a mobile missile launcher utilizing semi-autonomous micro-missile mechanics. Instead of a conventional payload, it fires tiny self-guided missile-mechanoids that cruise slowly toward their target with built-in homing capabilities.\n\nThe Javelin is equipped with a switchable missile system; while its basic rockets apply a stacking vulnerable hediff with every consecutive hit against heavy armor, specialized warheads require raw uranium to fire - allowing it to unleash devastating HE blasts, wide-area incendiary explosions, or crippling EMP pulses depending on the tactical situation.							与依赖直接弹道命中的标准机械体不同，标枪是一台使用半自主微型火箭机构的移动式导弹发射器。它发射的不是常规弹头，而是体型微小、自带制导、缓慢巡航飞向目标的火箭机械体。\n\n标枪配备了一套可切换的导弹系统：基础火箭每次连续命中重型装甲都会叠加易伤效果，而特种战斗部则需要未加工的铀才能发射——这让它能够依战术局势，打出毁灭性的高爆轰击、大范围燃烧爆炸或致残性的电磁脉冲。				В отличие от стандартных механоидов, полагающихся на прямое баллистическое воздействие, джавелин выступает в роли мобильной пусковой установки полуавтономных микроракет. Вместо обычной боевой части он запускает крошечные самонаводящиеся ракеты-механоиды, медленно летящие к цели.\n\nДжавелин оснащён переключаемой ракетной системой: стандартные ракеты ослабляют броню цели с каждым попаданием, а специализированные боеголовки требуют необработанный уран для стрельбы. Это позволяет ему запускать фугасные снаряды, создавать масштабные пожары или испускать мощные ЭМИ-импульсы в зависимости от тактической ситуации.	На відміну від стандартних механоїдів, що покладаються на пряме балістичне влучання, джавелін діє як мобільна пускова установка з напівавтономними мікроракетами. Замість звичайної бойової частини він випускає крихітні самонавідні ракети-механоїди, що повільно летять до цілі з убудованим самонаведенням.\n\nДжавелін оснащений перемикною ракетною системою: базові ракети накладають ефект уразливості, що накопичується з кожним послідовним влучанням по важкій броні, а спеціалізовані бойові частини потребують необробленого урану для пострілу. Це дозволяє випускати нищівні фугасні заряди, масштабні запалювальні вибухи або калічливі ЕМІ-імпульси залежно від тактичної ситуації.		與依賴直接彈道命中的標準機械體不同，標槍是一台使用半自主微型火箭機構的移動式飛彈發射器。它發射的不是常規彈頭，而是體型微小、自帶導引、緩慢巡航飛向目標的火箭機械體。\n\n標槍配備了一套可切換的飛彈系統：基礎火箭每次連續命中重型裝甲都會疊加易傷效果，而特種戰鬥部則需要未加工的鈾才能發射——這讓它能夠依戰術局勢，打出毀滅性的高爆轟擊、大範圍燃燒爆炸或致殘性的電磁脈衝。														
PawnKindDef&APM_Mech_Javelin.label	javelin							标枪				джавелин	джавелін		標槍														
ThingDef&APM_Mech_Lasher.label	Lasher							鞭挞者				плеть	погонич		鞭撻者														
ThingDef&APM_Mech_Lasher.description	Wielding a plasma charged whip, this mechanoid was designed to handle, tame and train animals. Its more unique role in a mechanoid task force has this lasher’s whip also function in short range combat, with it being able to strike out at foes, dealing EMP damage.\n\nThis mechanoid can strike out with its whip, dealing damage and electrifying anything within a short area around the whip.							挥舞着等离子充能长鞭，这台机械体被设计用于处理、驯服与训练动物。在机械体特遣队中它还有更独特的作用——鞭挞者的长鞭同样可用于近距离战斗，能够抽击敌人并造成电磁脉冲伤害。\n\n这台机械体可以用长鞭抽击，造成伤害并电击长鞭周围小范围内的任何目标。				Вооружённый плазменным хлыстом, этот механоид изначально разрабатывался для укрощения и дрессировки животных. В боевых условиях его хлыст эффективно применяется в ближнем бою, позволяя наносить удары с ЭМИ-уроном по небольшой площади.	Озброєний плазмовим батогом, цей механоїд створений для поводження з тваринами, їх приручення та дресирування. Унікальніша роль у бойовій групі механоїдів полягає в тому, що батіг погонича діє і в ближньому бою, дозволяючи бити ворогів з ЕМІ-уроном.\n\nЦей механоїд може бити своїм батогом, завдаючи урон й уражаючи струмом усе в невеликій зоні навколо батога.		揮舞著電漿充能長鞭，這台機械體被設計用於處理、馴服與訓練動物。在機械體特遣隊中它還有更獨特的作用——鞭撻者的長鞭同樣可用於近距離戰鬥，能夠抽擊敵人並造成電磁脈衝傷害。\n\n這台機械體可以用長鞭抽擊，造成傷害並電擊長鞭周圍小範圍內的任何目標。														
PawnKindDef&APM_Mech_Lasher.label	lasher							鞭挞者				плеть	погонич		鞭撻者														
ThingDef&APM_Mech_Mantis.label	Mantis							螳螂				богомол	богомол		螳螂														
ThingDef&APM_Mech_Mantis.description	Descended from the well known and well feared scyther mechanoid, the mantis was built to rip apart foes in melee combat. Featuring a combination of mechanoid components and synthesized artificial muscles, flexible yet durable armor plates and a set of resonating plasteel cutting claws, this mechanoid well surpasses its predecessors.For targets that outrange this mechanoid, it is able to quickly dash forward in a burst of speed, unleashing a swift strike. If its physical capabilities were fearsome enough, it actively analyzes the battlefield around it, and chooses an opportune time to trigger its installed repair mechanite swarm to heal and supercharge its abilities after it has ended a sufficient amount of targets.							螳螂承袭自广为人知又令人畏惧的镰刀机械体，专为在近战中撕碎敌人而生。它将机械体组件、合成人造肌肉、柔韧而坚固的装甲板，以及一对共振塑钢切割利爪集于一身，远超其前辈。对于射程胜过它的目标，它能够以爆发般的速度猛冲上前，施展一次迅捷的打击。若它自身的机体性能足够可畏，它还会主动分析周围的战场，并择机启动内置的修复纳米机械体群，在终结足够多的目标后进行自我治疗并超频强化自己的能力。				Созданный на основе известных жнецов, богомол предназначен для кромсания врагов в ближнем бою. Комбинация узлов механоида, синтетических искусственных мышц, гибких бронепластин и лезвий из резонирующей пластистали делает его намного опаснее предшественников. Богомол способен совершать стремительные рывки к дальним целям. Кроме того, он анализирует поле боя и активирует рой ремонтных механитов после уничтожения достаточного количества врагов для самолечения и подзарядки.	Богомол є розвитком ідей добре відомого й такого, що наводить жах, механоїда-женця. Цей механоїд створений, щоб розривати ворогів на шматки в ближньому бою. Поєднання вузлів механоїда, синтетичних штучних м'язів, гнучких і водночас міцних бронепластин та набору резонуючих ріжучих кігтів із пластисталі робить його набагато небезпечнішим за попередників. Для цілей, що переважають його дальністю, він здатен стрімко рвонутися вперед у пориві швидкості, завдаючи швидкого удару. Якщо його фізичних можливостей досить, він активно аналізує поле бою навколо й обирає вдалий момент, щоб активувати встановлений рій ремонтних механітів для зцілення й підсилення своїх здібностей після того, як покінчить з достатньою кількістю цілей.		螳螂承襲自廣為人知又令人畏懼的鐮刀機械體，專為在近戰中撕碎敵人而生。它將機械體組件、合成人造肌肉、柔韌而堅固的裝甲板，以及一對共振塑鋼切割利爪集於一身，遠超其前輩。對於射程勝過它的目標，它能夠以爆發般的速度猛衝上前，施展一次迅捷的打擊。若它自身的機體性能足夠可畏，它還會主動分析周圍的戰場，並擇機啟動內建的修復奈米機械體群，在終結足夠多的目標後進行自我治療並超頻強化自己的能力。														
PawnKindDef&APM_Mech_Mantis.label	mantis							螳螂				богомол	богомол		螳螂														
ThingDef&APM_Mech_Maul.label	Maul							巨锤				молот	кришитель		巨錘														
ThingDef&APM_Mech_Maul.description	The maul is the mechhive’s core tenet made machine, to crush and overwhelm. Impervious to small arms, this mechanoid is the bane of infantry, light vehicles, and outer defense emplacements. It is intelligent enough to know when it isn’t on the upper hand, and will continuously overclock and overheat its weapon until the job is done as it takes damage.							巨锤是机械巢群核心信条的机械化身——碾碎并压倒一切。它对轻武器免疫，是步兵、轻型载具与外围防御工事的克星。它足够聪明，知道何时自己并不占上风；随着所受伤害增加，它会持续超频并过热自己的武器，直到任务完成。				Воплощение главной доктрины улья — сокрушать и подавлять. Неуязвимый для стрелкового оружия малых калибров, этот механоид является грозой пехоты, лёгкой техники и оборонительных укреплений. Он достаточно расторопен, чтобы разогнать и перегреть своё оружие при получении урона, увеличивая темп атаки, пока задача не будет выполнена.	Кришитель — це головна доктрина мехрою, втілена в машині: сокрушувати й переважати. Невразливий до стрілецької зброї малих калібрів, цей механоїд — прокляття піхоти, легкої техніки та зовнішніх оборонних позицій. Він достатньо розумний, щоб знати, коли перевага не на його боці, і буде безперервно розганяти й перегрівати свою зброю, доки завдання не буде виконано, у міру отримання урону.		巨錘是機械巢群核心信條的機械化身——碾碎並壓倒一切。它對輕武器免疫，是步兵、輕型載具與外圍防禦工事的剋星。它足夠聰明，知道何時自己並不占上風；隨著所受傷害增加，它會持續超頻並過熱自己的武器，直到任務完成。														
PawnKindDef&APM_Mech_Maul.label	maul							巨锤				молот	кришитель		巨錘														
ThingDef&APM_Mech_Pulse.label	pulse							脉冲				импульс	імпульс		脈衝														
ThingDef&APM_Mech_Pulse.description	The latest in mechanoid urban warfare tactics is the pulse mechanoid. Designed to catch enemies off guard by breaching structures, it can then discharge its signature ability. Impulses fired from this mech’s shoulder mounts not only blast out with deafening sound, but blind nearby opponents with intense light. A sensory deprived target stands no chance against the mechhive’s ever continuous march. For those who still stand afterwards, an installed jump pack quickly sends this mech to its next target.							机械体城市战战术的最新成果，就是脉冲机械体。它被设计成通过破开工事来打敌人一个措手不及，随后释放其标志性能力。从这台机甲肩部发射器打出的脉冲，不仅以震耳欲聋的轰鸣爆发，还会用强光致盲附近的对手。一个被剥夺感官的目标，在机械巢群永不停歇的推进面前毫无胜算。而对于那些之后仍然站立着的敌人，内置的跳跃背包会迅速把这台机甲送到下一个目标面前。				Передовое решение для городских боёв. Разработан для внезапного прорыва сквозь стены и сооружения с последующим применением уникальной способности. Импульсы из его плечевых орудий не только оглушают оглушительным звуком, но и ослепляют противников вспышками света. Оглушённая цель не имеет шансов против наступления улья, а встроенный прыжковый ранец позволяет импульсу мгновенно сокращать дистанцию до следующего врага.	Найновіше слово в тактиці міських боїв механоїдів — механоїд імпульс. Створений, щоб застати ворогів зненацька, прориваючи споруди, він може застосувати свою фірмову здатність. Імпульси з його плечових установок не лише б'ють оглушливо гучним звуком, а й засліплюють ближніх супротивників яскравим світлом. Ціль, позбавлена відчуттів, не має жодних шансів проти невпинної ходи мехрою. Для тих, хто ще тримається на ногах, убудований стрибковий ранець швидко доставляє цього механоїда до наступної цілі.		機械體城市戰戰術的最新成果，就是脈衝機械體。它被設計成透過破開工事來打敵人一個措手不及，隨後釋放其標誌性能力。從這台機甲肩部發射器打出的脈衝，不僅以震耳欲聾的轟鳴爆發，還會用強光致盲附近的對手。一個被剝奪感官的目標，在機械巢群永不停歇的推進面前毫無勝算。而對於那些之後仍然站立著的敵人，內建的跳躍背包會迅速把這台機甲送到下一個目標面前。														
PawnKindDef&APM_Mech_Pulse.label	pulse							脉冲				импульс	імпульс		脈衝														
ThingDef&APM_Mech_Ravager.label	Ravager							蹂躏者				разоритель	спустошувач		蹂躪者														
ThingDef&APM_Mech_Ravager.description	The dreaded auto mortar was not enough to sate the mechanoids’ hunger for destruction. Their solution? The ravager, a mobile artillery emplacement. Able to charge excess energy in its reserve power cells, it can temporarily overcharge its cannon and launch a shell that splits into three destructive blasts while still in flight.							令人闻风丧胆的自动迫击炮，仍不足以填饱机械体对毁灭的饥渴。它们的答案？蹂躏者——一台可移动的火炮阵地。它能够在备用电池中积蓄多余能量，临时超载自己的火炮，发射出一枚在飞行途中便分裂为三道毁灭性爆轰的炮弹。				Ужасного автоматического миномета оказалось недостаточно, чтобы утолить жажду разрушений механоидов. Их решение? Разоритель — мобильная артиллерийская установка. Способный накапливать избыточную энергию в резервных батареях, он может временно перегрузить свое орудие и выпустить снаряд, который в полете разделяется на три разрушительных взрыва.	Вселяючого жах автоміномета виявилося недостатньо, щоб угамувати жагу руйнування механоїдів. Їхній розв'язок? Спустошувач — мобільна артилерійська установка. Здатний накопичувати надлишкову енергію в резервних енергоелементах, він може тимчасово перевантажити свою гармату й випустити снаряд, що розділяється на три руйнівні вибухи просто в польоті.		令人聞風喪膽的自動迫擊炮，仍不足以填飽機械體對毀滅的飢渴。它們的答案？蹂躪者——一台可移動的火炮陣地。它能夠在備用電池中積蓄多餘能量，臨時超載自己的火炮，發射出一枚在飛行途中便分裂為三道毀滅性爆轟的炮彈。														
PawnKindDef&APM_Mech_Ravager.label	ravager							蹂躏者				разоритель	спустошувач		蹂躪者														
ThingDef&APM_Mech_Satellite.label	Satellite							卫星				сателлит	супутник		衛星														
ThingDef&APM_Mech_Satellite.description	Equipped with a hover pack, this assault mechanoid can navigate most terrain with ease. The satellite can be seen summoned from a mechamancher pack to aid its allies or escorting mechanoid commanders in battle.							装备了悬浮背包的这台突击机械体，可以轻松穿行于大多数地形。卫星常常能从机械法师背包中召唤而出，协助友军，或在战斗中护卫机械体指挥官。				Оснащенный парящим ранцем, этот штурмовой механоид с легкостью преодолевает большинство типов местности. Сателлита можно вызвать из ранца мехаманчера для поддержки союзников или в качестве эскорта командиров механоидов в бою.	Цей штурмовий механоїд оснащений ранцем ширяння, що дозволяє йому легко долати більшість типів місцевості. Супутника часто можна побачити, як він вилітає з ранця мехаманта, щоб допомогти союзникам або супроводжувати механоїдних командирів у бою.		裝備了懸浮背包的這台突擊機械體，可以輕鬆穿行於大多數地形。衛星常常能從機械法師背包中召喚而出，協助友軍，或在戰鬥中護衛機械體指揮官。														
PawnKindDef&APM_Mech_Satellite.label	satellite							卫星				сателлит	супутник		衛星														
ThingDef&APM_Mech_Siren.label	Siren							海妖				сирена	сирена		海妖														
ThingDef&APM_Mech_Siren.description	Taking advantage of the fact that mechanoids have a psychic presence, the siren mechanoid has the ability to lure colonists toward itself, exposing them to the heat of battle. When controlled via a mechanitor, this mech can provide a mood and recreation boost to those nearby.							利用机械体具备灵能存在这一点，海妖机械体能够将殖民者引诱到自己身边，将他们暴露在战火之中。当受机械师操控时，这台机甲可以为附近的人提供心情与娱乐加成。				Используя тот факт, что механоиды обладают психическим присутствием, механоид-сирена способен притягивать поселенцев к себе, подвергая их опасности жаркого боя. При управлении через механітора этот мех может поднимать настроение и удовлетворять потребность в развлечениях у находящихся рядом людей.	Скориставшись тим, що механоїди мають психічну присутність, механоїд «сирена» здатний принаджувати поселенців до себе, підставляючи їх під вогонь бою. Під керуванням механітора цей мех може підіймати настрій і розваги тим, хто поруч.		利用機械體具備靈能存在這一點，海妖機械體能夠將殖民者引誘到自己身邊，將他們暴露在戰火之中。當受機械師操控時，這台機甲可以為附近的人提供心情與娛樂加成。														
PawnKindDef&APM_Mech_Siren.label	siren							海妖				сирена	сирена		海妖														
AbilityDef&APM_Ability_SirenSong.label	siren's song							海妖之歌				песнь сирены	пісня сирени		海妖之歌														
AbilityDef&APM_Ability_SirenSong.description	The Siren emits a pleasant tune that lifts the spirits of nearby organic allies and briefly helps them recover recreation.							海妖奏响悦耳的旋律，振奋附近有机盟友的精神，并短暂帮助他们恢复娱乐。				Сирена издает приятную мелодию, которая поднимает боевой дух близлежащих органических союзников и помогает им быстрее восстанавливать радость.	Сирена видає приємну мелодію, яка підіймає бойовий дух ближніх органічних союзників і допомагає їм швидше відновлювати розваги.		海妖奏響悅耳的旋律，振奮附近有機盟友的精神，並短暫幫助他們恢復娛樂。														
AbilityDef&APM_Ability_SirenLure.label	Aluring Song							魅惑之歌				манящая песнь	спокуслива пісня		魅惑之歌														
AbilityDef&APM_Ability_SirenLure.description	Sing a aluring song to compel the target pawn to walk towards the caster.							唱出诱人的歌声，迫使目标小人走向施法者。				Исполнить манящую песню, заставляющую целевого пешку идти в сторону заклинателя.	Заспівати принадну пісню, змушуючи цільову пішку йти до виконавця.		唱出誘人的歌聲，迫使目標小人走向施法者。														
HediffDef&APM_Hediff_SirenSong.label	siren's song							海妖之歌				песнь сирены	пісня сирени		海妖之歌														
HediffDef&APM_Hediff_SirenSong.description	This pawn is carried by a soothing mechanical chorus, feeling lighter and more energized.							这名小人被抚慰的机械和声所托起，感觉更加轻盈、更有活力。				Этот пешка находится под воздействием успокаивающего механического хора, чувствуя себя легче и полнее сил.	Цього персонажа огортає заспокійливий механічний хор, відчуває себе легшим і бадьорішим.		這名小人被撫慰的機械和聲所托起，感覺更加輕盈、更有活力。														
ThoughtDef&APM_Thought_SirenSong.stages.0.label	Siren's song							海妖之歌				песня сирены	пісня сирени		海妖之歌														
ThoughtDef&APM_Thought_SirenSong.stages.0.description	The Siren's impossible melody still echoes in your head, washing away stress for a while.							海妖那不可思议的旋律仍在我脑海中回响，让压力暂时被冲刷一空。				Невозможная мелодия сирены всё ещё звучит у меня в голове, ненадолго смывая стресс.	Неймовірна мелодія сирени відлунює в моїй голові, дозволяючи ненадовго забути пережитий стрес.		海妖那不可思議的旋律仍在我腦海中迴響，讓壓力暫時被沖刷一空。														
HediffDef&APM_Hediff_TerminusOverdrive.label	overdrive							超载				форсаж	перевантаження		超載														
HediffDef&APM_Hediff_TerminusOverdrive.description	Terminus is diverting a burst of power into direct combat performance, trading away its cape and restraint for a short window of overwhelming aggression.							终焉正将一股能量爆发直接导入战斗表现，以披风与克制为代价，换取一小段压倒性的狂暴期。				Terminus направляет всплеск энергии в боевую мощь, жертвуя плащом и сдержанностью ради короткого периода подавляющей агрессии.	Термінус спрямовує потужний потік енергії на підвищення бойових характеристик, скидаючи плащ і стриманість заради короткого спалаху нестримної агресії.		終焉正將一股能量爆發直接導入戰鬥表現，以披風與克制為代價，換取一小段壓倒性的狂暴期。														
AbilityDef&APM_SeveringEdge.description	Utilizing the innate psychic channeling qualities of its blade, the caster releases a sweeping blade of energy in front of itself, cutting anything in the area.							利用刀刃与生俱来的灵能导引特性，施法者在身前释放一道横扫的能量之刃，斩击区域内的一切。				Используя врождённые свойства своего клинка по проведению психической энергии, заклинатель выпускает перед собой размашистый энергетический клинок, рассекающий всё в этой зоне.	Використовуючи вроджені властивості свого клинка проводити психічну енергію, виконавець вивільняє перед собою розмашистий енергетичний клинок, розсікаючи все в цій зоні.		利用刀刃與生俱來的靈能導引特性，施法者在身前釋放一道橫掃的能量之刃，斬擊區域內的一切。														
AbilityDef&APM_SeveringEdge_Boss.description	Utilizing the innate psychic channeling qualities of its blade, the Terminus releases a sweeping blade of energy in front of itself, cutting anything in the area.							利用刀刃与生俱来的灵能导引特性，终焉在身前释放一道横扫的能量之刃，斩击区域内的一切。				Используя врождённые свойства своего клинка по проведению психической энергии, заклинатель выпускает перед собой размашистый энергетический клинок, рассекающий всё в этой зоне.	Використовуючи вроджені властивості свого клинка проводити психічну енергію, Термінус вивільняє перед собою розмашистий енергетичний клинок, розсікаючи все в цій зоні.		利用刀刃與生俱來的靈能導引特性，終焉在身前釋放一道橫掃的能量之刃，斬擊區域內的一切。														
ThingDef&APM_Mech_Tinker.label	Tinker							修补匠				Тинкер	майстер		修補匠														
ThingDef&APM_Mech_Tinker.description	The tinker is a support mechanoid built to repair same-faction buildings and mechanoids. It cannot construct new structures, but it can project a defensive matrix onto allies and blind enemies with a targeted laser.							修补匠是一台用于维修同派系建筑与机械体的支援型机械体。它无法建造新结构，但可向盟友投射防御矩阵，并用定向激光致盲敌人。				Тинкер — это вспомогательный механоид, созданный для ремонта зданий и механоидов своей фракции. Он не может строить новые сооружения, но способен проецировать защитную матрицу на союзников и ослеплять врагов направленным лазером.	Майстер — це механоїд, призначений для проведення ремонту. Він здатен допомагати поселенню в ремонті споруд, а також у ремонті механоїдів, що перебувають під керуванням механітера. У крайньому разі він може прикрити щитом союзника, а також осліпити лазером ворогів.		修補匠是一台用於維修同派系建築與機械體的支援型機械體。它無法建造新結構，但可向盟友投射防禦矩陣，並用定向雷射致盲敵人。														
PawnKindDef&APM_Mech_Tinker.label	tinker							修补匠				Тинкер	майстер		修補匠														
ThingDef&APM_Mech_Vassal.label	Vassal							附庸				Вассал	васал		附庸														
ThingDef&APM_Mech_Vassal.description	The mechhive’s mind isn’t a rage filled abyss towards organic life, it is cruel and calculating. It recognizes the need for coordination within its forces and that is where the vassal’s purpose lies. It gives allies around it a boost to their speed. For those who have managed to gestate their own vassal outside the hive’s grasp, it also interfaces with local comms systems, giving allies a mood boost and a decreased mental break threshold by 25%. Additionally, mechanitors can extend their command range in a radius around this mech.							机械巢群的心智并非一个对有机生命充满怒火的深渊，它残忍而精于算计。它清楚自己的部队需要协同，而这正是附庸存在的意义。它为周围的友军提供速度加成。对于那些设法在巢群掌控之外孵化出自己附庸的人来说，它还会接入本地通讯系统，为友军提供心情加成，并将精神崩溃阈值降低 25%。此外，机械师可以将指挥范围延伸到这台机甲周围的半径内。				Разум улья механоидов - это не бездна ненависти к органической жизни, он жесток и расчетлив. Он осознает необходимость координации внутри своих сил, и в этом заключается назначение вассала. Он дает союзникам вокруг бонус к скорости. Для тех, кому удалось вырастить собственного вассала вне досягаемости улья, он также взаимодействует с местными коммуникационными системами, давая союзникам бонус к настроению и снижая порог нервного срыва на 25%. Кроме того, механиторы могут увеличивать радиус своего управления вокруг этого меха.	Розум мехрою — це не безодня люті до органічного життя, він жорстокий і розважливий. Він усвідомлює потребу в координації своїх сил, і в цьому полягає призначення васала. Він дає союзникам навколо бонус до швидкості. Для тих, кому вдалося виростити власного васала поза межами досяжності рою, він також взаємодіє з місцевими системами зв'язку, підіймаючи союзникам настрій і знижуючи поріг нервового зриву на 25%. Крім того, механітори можуть розширити свій командний радіус на зону навколо цього меха.		機械巢群的心智並非一個對有機生命充滿怒火的深淵，它殘忍而精於算計。它清楚自己的部隊需要協同，而這正是附庸存在的意義。它為周圍的友軍提供速度加成。對於那些設法在巢群掌控之外孵化出自己附庸的人來說，它還會接入本地通訊系統，為友軍提供心情加成，並將精神崩潰閾值降低 25%。此外，機械師可以將指揮範圍延伸到這台機甲周圍的半徑內。														
PawnKindDef&APM_Mech_Vassal.label	vassal							附庸				Вассал	васал		附庸														
WorkGiverDef&APM_EnterRepairStation.label	enter repair station							进入修复工作站				войти в ремонтную станцию	зайти до ремонтної станції		進入修復工作站														
WorkGiverDef&APM_EnterRepairStation.verb	enter							进入				войти	зайти до		進入														
WorkGiverDef&APM_EnterRepairStation.gerund	entering							进入				вход	зайти до		進入														
WorkGiverDef&APM_CarryToRepairStation.label	carry to repair station							搬运至修复工作站				отнести на ремонтную станцию	нести до ремонтної станції		搬運至修復工作站														
WorkGiverDef&APM_CarryToRepairStation.verb	carry							搬运				нести	нести		搬運														
WorkGiverDef&APM_CarryToRepairStation.gerund	carrying							搬运				перенос	нести		搬運														
WorkGiverDef&APM_TinkerRepairMech.label	repair mech							维修机甲				ремонтировать механоида	ремонтувати меха		維修機甲														
WorkGiverDef&APM_TinkerRepairMech.verb	repair							维修				ремонтировать	ремонтувати		維修														
WorkGiverDef&APM_TinkerRepairMech.gerund	repairing							维修中				ремонт	ремонтування		維修中														
WorkGiverDef&APM_TinkerRepairBuilding.label	repair building							维修建筑				ремонтировать постройку	ремонтувати будівлю		維修建築														
WorkGiverDef&APM_TinkerRepairBuilding.verb	repair							维修				ремонтировать	ремонтувати		維修														
WorkGiverDef&APM_TinkerRepairBuilding.gerund	repairing							维修中				ремонт	ремонтування		維修中														
WorkGiverDef&APM_HaulToToxicPurifier.label	haul wastepacks to purifier station							搬运废料包至净化站				отнести отходы на станцию очистки	перенести відходи на станцію очищення		搬運廢料包至淨化站														
WorkGiverDef&APM_IngestorProcessCorpses.label	process corpses							处理尸体				переработать трупы	переробляти трупи		處理屍體														
WorkGiverDef&APM_IngestorProcessCorpses.verb	process							处理				переработать	переробити		處理														
WorkGiverDef&APM_IngestorProcessCorpses.gerund	processing							处理中				переработка	перероблення		處理中														
WorkGiverDef&APM_LasherTakeRoamingAnimalsToPen.label	rope roaming animals							牵引游荡动物				привязать бродящих животных	прив'язати бродячих тварин		牽引遊蕩動物														
WorkGiverDef&APM_LasherTakeRoamingAnimalsToPen.verb	rope							牵引				привязать	прив'язати		牽引														
WorkGiverDef&APM_LasherTakeRoamingAnimalsToPen.gerund	roping							牵引中				привязка	прив'язування		牽引中														
WorkGiverDef&APM_LasherFeedPatientAnimals.label	feed animals							喂养动物				покормить животных	годувати тварин		餵養動物														
WorkGiverDef&APM_LasherFeedPatientAnimals.verb	feed							喂养				кормить	годувати		餵養														
WorkGiverDef&APM_LasherFeedPatientAnimals.gerund	feeding							喂养中				кормление	годування		餵養中														
WorkGiverDef&APM_LasherTakeToPen.label	rope animals							牵引动物				привязать животных	прив'язати тварин		牽引動物														
WorkGiverDef&APM_LasherTakeToPen.verb	rope							牵引				привязать	прив'язати		牽引														
WorkGiverDef&APM_LasherTakeToPen.gerund	roping							牵引中				привязка	прив'язування		牽引中														
WorkGiverDef&APM_LasherSlaughter.label	slaughter animals							屠宰动物				забить животных	забивати тварин		屠宰動物														
WorkGiverDef&APM_LasherSlaughter.verb	slaughter							屠宰				забить	забити		屠宰														
WorkGiverDef&APM_LasherSlaughter.gerund	slaughtering							屠宰中				забой	забій		屠宰中														
WorkGiverDef&APM_LasherReleaseToWild.label	release to wild							放归野外				выпустить на волю	випустити на волю		放歸野外														
WorkGiverDef&APM_LasherReleaseToWild.verb	release							放归				выпустить	випустити		放歸														
WorkGiverDef&APM_LasherReleaseToWild.gerund	releasing							放归中				выпуск	випуск		放歸中														
WorkGiverDef&APM_LasherMilk.label	milk animals							挤奶动物				подоить животных	доїти тварин		擠奶動物														
WorkGiverDef&APM_LasherMilk.verb	milk							挤奶				подоить	доїти		擠奶														
WorkGiverDef&APM_LasherMilk.gerund	milking							挤奶中				дойка	доїння		擠奶中														
WorkGiverDef&APM_LasherShear.label	shear animals							剪毛动物				постричь животных	стригти тварин		剪毛動物														
WorkGiverDef&APM_LasherShear.verb	shear							剪毛				постричь	стригти		剪毛														
WorkGiverDef&APM_LasherShear.gerund	shearing							剪毛中				стрижка	стрижка		剪毛中														
WorkGiverDef&APM_LasherTame.label	tame animals							驯服动物				приручить животных	приручати тварин		馴服動物														
WorkGiverDef&APM_LasherTame.verb	tame							驯服				приручить	приручити		馴服														
WorkGiverDef&APM_LasherTame.gerund	taming							驯服中				приручение	приручення		馴服中														
WorkGiverDef&APM_LasherTrain.label	train animals							训练动物				обучить животных	тренувати тварин		訓練動物														
WorkGiverDef&APM_LasherTrain.verb	train							训练				дрессировать	тренувати		訓練														
WorkGiverDef&APM_LasherTrain.gerund	training							训练中				дрессировка	тренування		訓練中														
WorkGiverDef&APM_LasherRebalanceAnimalsInPens.label	rebalance penned animals							重新平衡圈养动物				перераспределить животных по загонам	перебалансувати загінних тварин		重新平衡圈養動物														
WorkGiverDef&APM_LasherRebalanceAnimalsInPens.verb	rope							牵引				привязать	прив'язати		牽引														
WorkGiverDef&APM_LasherRebalanceAnimalsInPens.gerund	roping							牵引中				привязка	прив'язування		牽引中														
WorkGiverDef&APM_SirenReleasePrisoner.label	release prisoners							释放囚犯				освободить заключенных	випустити в'язнів		釋放囚犯														
WorkGiverDef&APM_SirenReleasePrisoner.verb	release							释放				освободить	випустити		釋放														
WorkGiverDef&APM_SirenReleasePrisoner.gerund	releasing							释放中				освобождение	випуск		釋放中														
WorkGiverDef&APM_SirenTakePrisonerToBed.label	take prisoners to bed							带囚犯上床				отвести заключенных в кровать	відводити в'язнів до ліжка		帶囚犯上床														
WorkGiverDef&APM_SirenTakePrisonerToBed.verb	take to bed							带上床				отвести в кровать	відвести до ліжка		帶上床														
WorkGiverDef&APM_SirenTakePrisonerToBed.gerund	taking to bed							带往床铺中				отвод в кровать	відведення до ліжка		帶往床鋪中														
WorkGiverDef&APM_SirenFeedPrisoner.label	feed prisoners							喂养囚犯				покормить заключенных	годувати в'язнів		餵養囚犯														
WorkGiverDef&APM_SirenFeedPrisoner.verb	feed							喂养				кормить	годувати		餵養														
WorkGiverDef&APM_SirenFeedPrisoner.gerund	feeding							喂养中				кормление	годування		餵養中														
WorkGiverDef&APM_SirenDeliverFoodToPrisoner.label	deliver food to prisoners							为囚犯送餐				доставить еду заключенным	носити їжу в'язням		為囚犯送餐														
WorkGiverDef&APM_SirenDeliverFoodToPrisoner.verb	deliver food for							为{0}送餐				доставить еду для	носити їжу для		為{0}送餐														
WorkGiverDef&APM_SirenDeliverFoodToPrisoner.gerund	delivering food for							为{0}送餐中				доставка еды для	доставлення їжі для		為{0}送餐中														
WorkGiverDef&APM_SirenChatWithPrisoner.label	chat with prisoners							与囚犯交谈				поговорить с заключенными	розмовляти з в'язнями		與囚犯交談														
WorkGiverDef&APM_SirenChatWithPrisoner.verb	chat with							与{0}交谈				поговорить с	розмовляти з		與{0}交談														
WorkGiverDef&APM_SirenChatWithPrisoner.gerund	chatting with							与{0}交谈中				беседа с	розмова з		與{0}交談中														
WorkTypeDef&APM_FrostivusFoodPreservation.description	Rescue vulnerable food from unsafe storage or outdoor deterioration and unload it to cold storage when available.							抢救会因温度而腐坏的食物，并卸到冷藏处。				Спасение уязвимой еды из небезопасного хранения или от порчи на улице с последующей разгрузкой в холодильник при наличии возможности.	Рятує їжу з небезпечного зберігання чи з вулиці й вивантажує її до холодного сховища, якщо таке доступне.		搶救會因溫度而腐壞的食物，並卸到冷藏處。														
WorkTypeDef&APM_FrostivusFoodPreservation.verb	Preserve							保鲜				Консервировать	Зберігати		保鮮														
WorkTypeDef&APM_IngestorCorpseProcessing.description	Process organic corpses into chemfuel.							将有机尸体加工成化学燃料。				Переработка органических трупов в биотопливо.	Переробляє органічні трупи на хімотопливо.		將有機屍體加工成化學燃料。														
WorkTypeDef&APM_IngestorCorpseProcessing.verb	Ingest							摄入				Поглощать	Поглинути		攝入														
WorkTypeDef&APM_LasherHandling.description	Tame, train, harvest resources from and slaughter animals.							驯服、训练、采集资源并屠宰动物。				Приручение, тренировка, стрижка/дойка и забой животных.	Приручати, тренувати, збирати ресурси з тварин і забивати їх.		馴服、訓練、採集資源並屠宰動物。														
WorkTypeDef&APM_LasherHandling.verb	Handle							管理				Управлять	Поводитися		管理														
WorkTypeDef&APM_SirenWarden.description	Manage, feed, chat with, and recruit prisoners.							管理、喂养、交谈并招募囚犯。				Управление, кормление, общение и вербовка заключенных.	Керувати в'язнями, годувати їх, розмовляти з ними та вербувати.		管理、餵養、交談並招募囚犯。														
WorkTypeDef&APM_SirenWarden.verb	Handle							管理				Надзирать	Поводитися		管理														
WorkTypeDef&APM_TinkerRepair.description	Repair same-faction buildings and mechanoids.							维修同派系建筑与机械体。				Ремонт построек и механоидов своей фракции.	Ремонт будівель і механоїдів своєї фракції.		維修同派系建築與機械體。														
WorkTypeDef&APM_TinkerRepair.verb	Repair							维修				Чинить	Ремонтувати		維修														
ThingDef&APM_Weapon_DominusMechlance.label	Dominus mechlance							主宰机械长枪				меха-копьё «Доминус»	мех-спис домінуса		主宰機械長槍														
ThingDef&APM_Weapon_DominusMechlance.description	This weapon is imbued with sharpness maintaining mechanites similar to those seen in imperial monotech. Such a technology being utilized by the mechhive allows the hive to apply it on larger and more complex applications, such as this deadly weapon.							这件武器浸透了维持锋利度的纳米机械体，类似于帝国单分子技术中的那些。机械巢群运用这种技术，使其得以应用在更大、更复杂的造物上，比如这件致命的武器。				Это оружие пронизано механитами, поддерживающими остроту, подобно тем, что используются в монотехнологиях Империи. Использование подобной технологии ульем механоидов позволяет применять её на более крупных и сложных объектах, таких как это смертоносное оружие.	Ця зброя пронизана механітами, що підтримують гостроту, — подібно до тих, які використовуються в монотехнологіях Імперії. Те, що мехрій застосовує таку технологію, дозволяє йому використовувати її у більших і складніших виробах, як-от ця смертоносна зброя.		這件武器浸透了維持鋒利度的奈米機械體，類似於帝國單分子技術中的那些。機械巢群運用這種技術，使其得以應用在更大、更複雜的造物上，比如這件致命的武器。														
ThingDef&APM_Weapon_DominusApexMechlance.label	Dominus apex mechlance							主宰巅峰机械长枪				высшее меха-копьё «Доминус»	вершинне мех-спис домінуса		主宰巔峰機械長槍														
ThingDef&APM_Weapon_DominusApexMechlance.description	This weapon is imbued with sharpness maintaining mechanites similar to those seen in imperial monotech. Such a technology being utilized by the mechhive allows the hive to apply it on larger and more complex applications, such as this deadly weapon. In such close proximity to the Dominus, the mechanites in this mechlance have been influenced by its psychic presence, so much so that it bleeds out in a reddish hue.							这件武器浸透了维持锋利度的纳米机械体，类似于帝国单分子技术中的那些。机械巢群运用这种技术，使其得以应用在更大、更复杂的造物上，比如这件致命的武器。由于与主宰如此贴近，这杆机械长枪中的纳米机械体受其灵能存在影响至深，甚至会溢出一片泛红的色泽。				Это оружие пронизано механитами, поддерживающими остроту, подобно тем, что используются в монотехнологиях Империи. Использование подобной технологии ульем механоидов позволяет применять её на более крупных и сложных объектах, таких как это смертоносное оружие. Из-за столь близкого контакта с Доминусом механиты в этом копье подверглись влиянию его пси-присутствия, из-за чего оно излучает красноватое свечение.	Ця зброя пронизана механітами, що підтримують гостроту, — подібно до тих, які використовуються в монотехнологіях Імперії. Те, що мехрій застосовує таку технологію, дозволяє йому використовувати її у більших і складніших виробах, як-от ця смертоносна зброя. Через таку близькість до Домінуса механіти в цьому мех-списі зазнали впливу його психічної присутності настільки, що він випромінює червонувате сяйво.		這件武器浸透了維持鋒利度的奈米機械體，類似於帝國單分子技術中的那些。機械巢群運用這種技術，使其得以應用在更大、更複雜的造物上，比如這件致命的武器。由於與主宰如此貼近，這桿機械長槍中的奈米機械體受其靈能存在影響至深，甚至會溢出一片泛紅的色澤。														
ThingDef&APM_Weapon_CelerusVoltana.label	celerus voltana							疾风伏特剑				вольтана «Целерус»	вольтана целеруса		疾風伏特劍														
ThingDef&APM_Weapon_CelerusVoltana.description	This weapon is imbued with sharpness maintaining mechanites similar to those seen in imperial monotech. Such a technology being utilized by the mechhive allows the hive to apply it on larger and more complex applications, such as this deadly weapon.							这件武器浸透了维持锋利度的纳米机械体，类似于帝国单分子技术中的那些。机械巢群运用这种技术，使其得以应用在更大、更复杂的造物上，比如这件致命的武器。				Это оружие пронизано механитами, поддерживающими остроту, подобно тем, что используются в монотехнологиях Империи. Использование подобной технологии ульем механоидов позволяет применять её на более крупных и сложных объектах, таких как это смертоносное оружие.	Ця зброя пронизана механітами, що підтримують гостроту, — подібно до тих, які використовуються в монотехнологіях Імперії. Те, що мехрій застосовує таку технологію, дозволяє йому використовувати її у більших і складніших виробах, як-от ця смертоносна зброя.		這件武器浸透了維持鋒利度的奈米機械體，類似於帝國單分子技術中的那些。機械巢群運用這種技術，使其得以應用在更大、更複雜的造物上，比如這件致命的武器。														
ThingDef&APM_Weapon_CelerusApexVoltana.label	celerus apex voltana							疾风巅峰伏特剑				высшая вольтана «Целерус»	вершинна вольтана целеруса		疾風巔峰伏特劍														
ThingDef&APM_Weapon_CelerusApexVoltana.description	This weapon is imbued with sharpness maintaining mechanites similar to those seen in imperial monotech. Such a technology being utilized by the mechhive allows the hive to apply it on larger and more complex applications, such as this deadly weapon. The blade crackles with a form of electricity so intense that it glows a savage purple, the impossible color a result of the whims of the Celerus.							这件武器浸透了维持锋利度的纳米机械体，类似于帝国单分子技术中的那些。机械巢群运用这种技术，使其得以应用在更大、更复杂的造物上，比如这件致命的武器。刀刃噼啪作响，迸发出强烈到会泛出狂暴紫光的电流——这种不可能的颜色，正是疾风一时兴起的产物。				Это оружие пронизано механитами, поддерживающими остроту, подобно тем, что используются в монотехнологиях Империи. Использование подобной технологии ульем механоидов позволяет применять её на более крупных и сложных объектах, таких как это смертоносное оружие. Лезвие трещит от электрических разрядов столь мощных, что оно светится свирепым фиолетовым цветом — этот аномальный оттенок стал результатом каприза самого Целеруса.	Ця зброя пронизана механітами, що підтримують гостроту, — подібно до тих, які використовуються в монотехнологіях Імперії. Те, що мехрій застосовує таку технологію, дозволяє йому використовувати її у більших і складніших виробах, як-от ця смертоносна зброя. Лезо потріскує від електричних розрядів такої сили, що світиться лютим фіолетовим, — цей неможливий колір є витребенькою самого Целеруса.		這件武器浸透了維持鋒利度的奈米機械體，類似於帝國單分子技術中的那些。機械巢群運用這種技術，使其得以應用在更大、更複雜的造物上，比如這件致命的武器。刀刃劈啪作響，迸發出強烈到會泛出狂暴紫光的電流——這種不可能的顏色，正是疾風一時興起的產物。														
ThingDef&APM_Weapon_TerminusExoblade.label	terminus exoblade							终焉外骨骼刃				экзо-клинок «Терминус»	екзоклинок термінуса		終焉外骨骼刃														
ThingDef&APM_Weapon_TerminusExoblade.description	This weapon is imbued with sharpness maintaining mechanites similar to those seen in imperial monotech. Such a technology being utilized by the mechhive allows the hive to apply it on larger and more complex applications, such as this deadly weapon. This particular exoblade hums with psychic energy, overcharged by the Terminus wielding it.							这件武器浸透了维持锋利度的纳米机械体，类似于帝国单分子技术中的那些。机械巢群运用这种技术，使其得以应用在更大、更复杂的造物上，比如这件致命的武器。这柄外骨骼刃因灵能而嗡鸣作响，被挥舞它的终焉所超载。				Это оружие пронизано механитами, поддерживающими остроту, подобно тем, что используются в монотехнологиях Империи. Использование подобной технологии ульем механоидов позволяет применять её на более крупных и сложных объектах, таких как это смертоносное оружие. Этот экзо-клинок гудит от пси-энергии, будучи перегруженным своим владельцем-Терминусом.	Ця зброя пронизана механітами, що підтримують гостроту, — подібно до тих, які використовуються в монотехнологіях Імперії. Те, що мехрій застосовує таку технологію, дозволяє йому використовувати її у більших і складніших виробах, як-от ця смертоносна зброя. Цей екзоклинок гуде від психічної енергії, перевантажений Термінусом, що ним володіє.		這件武器浸透了維持鋒利度的奈米機械體，類似於帝國單分子技術中的那些。機械巢群運用這種技術，使其得以應用在更大、更複雜的造物上，比如這件致命的武器。這柄外骨骼刃因靈能而嗡鳴作響，被揮舞它的終焉所超載。														
ThingDef&APM_Weapon_TerminusApexExoblade.label	terminus apex exoblade							终焉巅峰外骨骼刃				высший экзо-клинок «Терминус»	вершинний екзоклинок термінуса		終焉巔峰外骨骼刃														
ThingDef&APM_Weapon_TerminusApexExoblade.description	This weapon is imbued with sharpness maintaining mechanites similar to those seen in imperial monotech. Such a technology being utilized by the mechhive allows the hive to apply it on larger and more complex applications, such as this deadly weapon.							这件武器浸透了维持锋利度的纳米机械体，类似于帝国单分子技术中的那些。机械巢群运用这种技术，使其得以应用在更大、更复杂的造物上，比如这件致命的武器。				Это оружие пронизано механитами, поддерживающими остроту, подобно тем, что используются в монотехнологиях Империи. Использование подобной технологии ульем механоидов позволяет применять её на более крупных и сложных объектах, таких как это смертоносное оружие.	Ця зброя пронизана механітами, що підтримують гостроту, — подібно до тих, які використовуються в монотехнологіях Імперії. Те, що мехрій застосовує таку технологію, дозволяє йому використовувати її у більших і складніших виробах, як-от ця смертоносна зброя.		這件武器浸透了維持鋒利度的奈米機械體，類似於帝國單分子技術中的那些。機械巢群運用這種技術，使其得以應用在更大、更複雜的造物上，比如這件致命的武器。														
ThingDef&APM_Gun_Conqueror_AR.label	charge blaster rifle							电荷爆破步枪				импульсная штурмовая винтовка	бластер		電荷爆破步槍														
ThingDef&APM_Gun_Conqueror_AR.description	A general-purpose pulse-charged assault rifle designed for mid-range engagements. Highly reliable in all combat scenarios with a balanced rate of fire and precision.							一款为中距离交战设计的通用型电荷突击步枪。射速与精度均衡，在各种战斗场景中都极为可靠。				Универсальная штурмовая винтовка с импульсным зарядом, созданная для боя на средних дистанциях. Отличается высокой надежностью в любых боевых сценариях, сбалансированной скорострельностью и точностью.	Енергетична штурмова гвинтівка. Слабша за енергогвинтівку, але точніша.		一款為中距離交戰設計的通用型電荷突擊步槍。射速與精度均衡，在各種戰鬥場景中都極為可靠。														
ThingDef&APM_Bullet_ChargeCarbine.label	charge carbine shot							电荷卡宾枪射击				выстрел импульсного карабина	постріл енергокарабіна		電荷卡賓槍射擊														
ThingDef&APM_Gun_Conqueror_DMR.label	charge carbine							电荷卡宾枪				импульсный карабин	енергокарабін		電荷卡賓槍														
ThingDef&APM_Gun_Conqueror_DMR.description	A designated marksman rifle utilizing pulse-charge technology. Deals less structural damage per shot than a full Charge Lance, but fires significantly faster and excels at medium-to-long range.							一款采用电荷技术的精确射手步枪。单发对建筑造成的伤害低于一杆完整的电荷长枪，但射速明显更快，在中远距离上表现优异。				Марксманская винтовка, использующая технологию импульсного заряда. Наносит за один выстрел меньше структурного урона, чем полноценное зарядное копьё, но стреляет значительно быстрее и превосходно показывает себя на средних и дальних дистанциях.	Потужніша, швидкострільніша, але менш точна версія енергосписа.		一款採用電荷技術的精確射手步槍。單發對建築造成的傷害低於一桿完整的電荷長槍，但射速明顯更快，在中遠距離上表現優異。														
ThingDef&Bullet_ChargeSpitter.label	charge spitter shot							电荷喷吐枪射击				выстрел зарядного плевателя	постріл енергокулемета		電荷噴吐槍射擊														
ThingDef&APM_Gun_Conqueror_SMG.label	charge spitter							电荷喷吐枪				зарядный плеватель	енергокулемет		電荷噴吐槍														
ThingDef&APM_Gun_Conqueror_SMG.description	A compact high-rate-of-fire submachine gun. Extremely deadly at close quarters, but suffers severe accuracy falloff over distance.							一款紧凑的高射速冲锋枪。在近距离极为致命，但远距离上精度衰减严重。				Компактный пистолет-пулемет с высокой скорострельностью. Чрезвычайно смертоносен на ближней дистанции, но страдает от сильного падения точности с расстоянием.	Енергетичний скорострільний бластер для вогню на придушення. Легший за важкий бластер, але точніший.		一款緊湊的高射速衝鋒槍。在近距離極為致命，但遠距離上精度衰減嚴重。														
ThingDef&APM_Weapon_DuelistsPsySpear.label	dominion psy-spear							统御灵能长矛				пси-копьё владычества	псі-спис владарювання		統御靈能長矛														
ThingDef&APM_Weapon_DuelistsPsySpear.description	A reinforced spear imbued with Dominus-derived psychic circuitry. Allows the wielder to challenge a single opponent into a psychic duel, creating a focused maelstrom that amplifies attacks within. The spear channels the wielder’s will, projecting a shield around the duel and enhancing damage output within the duel’s radius.							一杆经过强化的长矛，浸透了源自主宰的灵能回路。它允许持有者向单一对手发起灵能决斗，制造出一个聚焦的漩涡来放大其中的攻击。长矛会导引持有者的意志，在决斗周围投射出一道护盾，并提升决斗半径内的伤害输出。				Усиленное копьё, пронизанное пси-цепями, созданными на основе технологий Доминуса. Позволяет владельцу вызвать одного противника на пси-дуэль, создавая направленный водоворот, усиливающий атаки внутри него. Копьё направляет волю владельца, проецируя щит вокруг места дуэли и увеличивая наносимый урон в её радиусе.	Посилене спис, пронизане психічними схемами, створеними на основі Домінуса. Дозволяє власникові викликати одного супротивника на психічну дуель, створюючи сфокусований вихор, що підсилює атаки всередині. Спис спрямовує волю власника, проєктуючи щит навколо місця дуелі й підвищуючи нанесений урон у її радіусі.		一桿經過強化的長矛，浸透了源自主宰的靈能迴路。它允許持有者向單一對手發起靈能決鬥，製造出一個聚焦的漩渦來放大其中的攻擊。長矛會導引持有者的意志，在決鬥周圍投射出一道護盾，並提升決鬥半徑內的傷害輸出。														
ThingDef&APM_Gun_EMP_Impactor.label	EMP impactor							电磁脉冲冲击器				ЭМИ-импактор	ЕМП-імпактор		電磁脈衝衝擊器														
ThingDef&APM_Gun_EMP_Impactor.description	A mechanoid grade electromagnetic grenade launcher, featuring better accuracy, a larger range and a bigger blast than more common variants of the same type. Organic life has many clear weaknesses, yet militaries still use said threats in their arsenals all the same. The mechhive is no different.							一款机械体级别的电磁榴弹发射器，相比同类型的常见型号，精度更高、射程更远、爆炸范围更大。有机生命有着许多显而易见的弱点，但军队依旧把这类威胁手段纳入自己的军械库。机械巢群也不例外。				Электромагнитный гранатомёт военного уровня механоидов, обладающий повышенной точностью, большей дальностью и увеличенным радиусом взрыва по сравнению с обычными аналогами. У органической жизни много очевидных слабостей, однако армии всё равно используют подобные средства в своих арсеналах. Улей механоидов — не исключение.	Електромагнітний гранатомет механоїдного класу з кращою точністю, більшою дальністю та потужнішим вибухом, ніж у поширеніших аналогів того самого типу. Органічне життя має чимало очевидних слабкостей, проте армії однаково тримають подібні засоби у своїх арсеналах. Мехрій — не виняток.		一款機械體等級的電磁榴彈發射器，相比同類型的常見型號，精度更高、射程更遠、爆炸範圍更大。有機生命有著許多顯而易見的弱點，但軍隊依舊把這類威脅手段納入自己的軍械庫。機械巢群也不例外。														
ThingDef&APM_Proj_EMP_Impactor.label	EMP impactor projectile							电磁脉冲冲击弹				снаряд ЭМИ-импактора	снаряд ЕМП-імпактора		電磁脈衝衝擊彈														
ThingDef&APM_Gazer_Laser.label	laser							激光				лазер	лазер		雷射														
ThingDef&APM_Gazer_Laser.description	A weaker laser from Gazer's eye							来自凝视者眼部的弱化激光。				Ослабленный лазерный луч из ока Созерцателя.	Ослаблений лазер з ока Спостерігача.		來自凝視者眼部的弱化雷射。														
DamageDef&MegaBeam.label	mega beam							巨型光束				мега-луч	мегапромінь		巨型光束														
DamageDef&APM_HazeAcidBeam.label	haze acid beam							迷雾酸液光束				кислотный луч мглы	кислотний промінь завіси		迷霧酸液光束														
ThingDef&APM_Proj_HazeToxicRepeater.label	haze acid beam							迷雾酸液光束				кислотный луч мглы	кислотний промінь завіси		迷霧酸液光束														
ThingDef&APM_HazeToxicPuddle.label	acid residue							酸性残留物				кислотный осадок	кислотний осад		酸性殘留物														
ThingDef&APM_Haze_BeamGun.label	Beam Witherer							迷雾伽马激光炮				лучевой иссушитель	гразерна гармата завіси		迷霧伽馬雷射砲														
ThingDef&APM_Haze_BeamGun.description	A tesseron's beam grazer twisted into a machine that spews toxic waste in addition to plasma, the products of this cannon are monstrously hazardous to organic life. Fear is only another foothold of the mechanoid superintelligence.							泰瑟龙的光束掠射器被扭曲改造成一台机器，除了等离子还会喷吐有毒废料；这门炮的产物对有机生命而言极度危险。恐惧不过是机械体超智能的又一个支点。				Лучевое оружие Тессерона, переоборудованный в орудие, выплёскивающее токсичные отходы в дополнение к плазме. Результаты выстрелов этой пушки чудовищно опасны для органической жизни. Страх — лишь ещё один инструмент сверхразума механоидов.	Променева установка тессерона, перетворена на машину, що вивергає токсичні відходи на додачу до плазми; продукти цієї гармати чудовищно небезпечні для органічного життя. Страх — лише ще одна опора надрозуму механоїдів.		泰瑟龍的光束掠射器被扭曲改造成一台機器，除了電漿還會噴吐有毒廢料；這門炮的產物對有機生命而言極度危險。恐懼不過是機械體超智能的又一個支點。														
ThingDef&APM_Gun_JavelinRocketLauncher.label	javelin rocket launcher							标枪火箭发射器				пусковая установка Джавелина	ракетниця джавеліна		標槍火箭發射器														
ThingDef&APM_Gun_JavelinRocketLauncher.description	A mechanoid guided missile rack. Each rocket clears the tube on a fixed heading before its seeker takes over, so the launcher cannot engage anything standing close enough to be overflown before the missile has turned. The seeker logs the damage profile of every creature and machine it opens up, and each rocket that finds the same one again is fused to bite deeper than the last. Structures give it nothing to read, and are hit at a flat rate.							一套机械体制导导弹发射架。每枚火箭都先沿固定航向飞离发射管，之后才由导引头接管，因此发射器无法攻击那些近到导弹尚未转向就已越过其头顶的目标。导引头会记录它剖开的每一个生物与每一台机器的损伤轮廓，此后再次命中同一目标的每一枚火箭，引信都会咬得比上一枚更深。建筑无法提供任何可供读取的信息，因此按固定值结算伤害。				Ракетный контейнер механоидов с управляемыми снарядами. Каждая ракета вылетает из пусковой трубы по фиксированной траектории, прежде чем её головка самонаведения перехватит управление. Из-за этого установка не может поражать цели, находящиеся слишком близко. Головка наведения регистрирует профиль повреждений каждой цели, и каждая последующая ракета, попавшая в того же противника, наносит всё больше урона. Сооружения не дают профиля для анализа и получают фиксированный урон.	Ракетна установка механоїдів із керованими снарядами. Кожна ракета вилітає з пускової труби за фіксованим курсом, перш ніж керування перехопить головка самонаведення, тож установка не може уразити ціль, що стоїть настільки близько, що ракета пролетить повз неї до розвороту. Головка самонаведення фіксує профіль ушкоджень кожної істоти й машини, яку розкриває, і кожна наступна ракета, що знову знаходить ту саму ціль, вражає глибше за попередню. Споруди не дають нічого для зчитування, тож уражаються за фіксованою схемою.		一套機械體導引飛彈發射架。每枚火箭都先沿固定航向飛離發射管，之後才由導引頭接管，因此發射器無法攻擊那些近到飛彈尚未轉向就已越過其頭頂的目標。導引頭會記錄它剖開的每一個生物與每一台機器的損傷輪廓，此後再次命中同一目標的每一枚火箭，引信都會咬得比上一枚更深。建築無法提供任何可供讀取的資訊，因此按固定值結算傷害。														
ThingDef&APM_Proj_JavelinMissile.label	javelin missile							标枪导弹				ракета «Джавелин»	ракета джавеліна		標槍飛彈														
ThingDef&APM_Proj_JavelinMissile_Incendiary.label	javelin incendiary missile							标枪燃烧导弹				зажигательная ракета «Джавелин»	запальна ракета джавеліна		標槍燃燒飛彈														
ThingDef&APM_Proj_JavelinMissile_HighExplosive.label	javelin high-explosive missile							标枪高爆导弹				фугасная ракета «Джавелин»	фугасна ракета джавеліна		標槍高爆飛彈														
ThingDef&APM_Proj_JavelinMissile_EMP.label	javelin EMP missile							标枪电磁脉冲导弹				ЭМИ-ракета «Джавелин»	ЕМП-ракета джавеліна		標槍電磁脈衝飛彈														
ThingDef&APM_Weapon_MechWhip.label	mech whip							机械鞭				мех хлыст	хлист		機械鞭														
ThingDef&APM_Weapon_MechWhip.description	The mech whip can deal heavy damage and stun multiple targets in close proximity to the user. It appears the mechhive views sentient organic life akin to how we view cattle, and treats us as such.							机械长鞭能对贴近使用者的多个目标造成重伤并将其击晕。看来机械巢群看待有感知的有机生命，就如同我们看待牲畜一般，并且也确实如此对待我们。				Хлыст механоидов способна наносить тяжёлый урон и оглушать несколько целей в непосредственной близости от владельца. Похоже, улей механоидов относится к разумной органической жизни так же, как люди относятся к скоту, и поступает соотвествующе.	Невеликий залповий вогнемет механоїдів.		機械長鞭能對貼近使用者的多個目標造成重傷並將其擊暈。看來機械巢群看待有感知的有機生命，就如同我們看待牲畜一般，並且也確實如此對待我們。														
ManeuverDef&APM_Whip.verb	Verb_MeleeAttackDamageCut							挥砍				режущий удар	ріжучий удар		揮砍														
ToolCapacityDef&APM_Whip.label	whip							鞭打				хлыст	хлист		鞭打														
ThingDef&APM_Bullet_MaulBlaster.label	heavy charge burst shot							重型电荷连射弹				тяжёлый плазменный заряд	постріл важкого енергозалпу		重型電荷連射彈														
ThingDef&APM_Gun_Maul.label	heavy sledge blaster							重型锤击爆能枪				тяжёлый молот-бластер	важкий бластер-кувалда		重型錘擊爆能槍														
ThingDef&APM_Gun_Maul.description	An enhanced pulse-charged rapid-fire heavy machine gun built with an integrated kinetic hammer on its frame for devastating close-quarters bludgeoning. Heavy cooling allows long, deadly bursts, while additional interfacing technology lets certain mechanoid wielders continuously overclock and overheat the weapon's output, leading to potentially disastrous effects for both the user and anything caught in front of the barrel.							一款经过强化的电荷速射重型机枪，枪身上集成了一柄动能重锤，可在近距离造成毁灭性的钝击。强力散热让它能打出长而致命的连射；而额外的接口技术使某些机械体使用者能够持续超频并过热输出，这可能给使用者本人以及枪口前方的一切带来灾难性的后果。				Мощный импульсный скорстрельный тяжёлый пулемёт с интегрированным кинетическим молотом на раме для сокрушительных ударов в ближнем бою. Мощное охлаждение позволяет вести длинные смертоносные очереди, а интерфейсные технологии позволяют некоторым механоидам разогонять и перегревать оружие, что может привести к катастрофическим последствиям как для оператора, так и для всех перед стволом.	Покращений імпульсний швидкострільний важкий кулемет з інтегрованим кінетичним молотом на рамі для нищівних ударів у ближньому бою. Потужне охолодження дозволяє вести довгі смертоносні черги, а додаткові інтерфейсні технології дають змогу деяким механоїдам постійно розганяти й перегрівати зброю, що може призвести до катастрофічних наслідків і для користувача, і для всього, що опиниться перед дулом.		一款經過強化的電荷速射重型機槍，槍身上整合了一柄動能重錘，可在近距離造成毀滅性的鈍擊。強力散熱讓它能打出長而致命的連射；而額外的介面技術使某些機械體使用者能夠持續超頻並過熱輸出，這可能給使用者本人以及槍口前方的一切帶來災難性的後果。														
ThingDef&APM_Weapon_PlasmaWhip.label	plasma whip							等离子鞭				плазменный хлыст	плазмовий батіг		等離子鞭														
ThingDef&APM_Weapon_PlasmaWhip.description	Inspired by the whip wielded by the Lasher mechanoid, the plasma whip can deal damage and stun multiple targets at once, making it a good tool for holding back groups of foes in close range.							灵感来自鞭挞者机械体所挥舞的长鞭，等离子鞭能同时伤害并击晕多个目标，是在近距离阻截成群敌人的理想工具。				Созданная по образу и подобию плети механоида-Плеточника, плазменная плеть способна наносить урон и оглушать сразу несколько целей, что делает её отличным средством для сдерживания групп врагов на близкой дистанции.	Створений за образом і подобою батога механоїда-погонича, плазмовий батіг здатен завдавати урон і оглушувати одразу кілька цілей, що робить його чудовим засобом для стримування груп ворогів на близькій відстані.		靈感來自鞭撻者機械體所揮舞的長鞭，等離子鞭能同時傷害並擊暈多個目標，是在近距離阻截成群敵人的理想工具。														
ThingDef&APM_Gun_Pulse_Shotgun.label	Charge Scattershot							脉冲霰弹枪				импульсный рассеиватель	імпульсний дробовик		脈衝霰彈槍														
ThingDef&APM_Gun_Pulse_Shotgun.description	Close quarters combat with mechanized foes is never a good idea, and the introduction of the charge scattershot turns that idea into a death wish. This shotgun uses pulse munitions and the result is a prime emplacement breaching tool. Enemy forces are typically less armored than defense emplacements and even a militor could determine the results of that matchup.							与机械化敌人近距离交战从来不是什么好主意，而电荷散射霰弹枪的出现，更是把这个念头变成了自杀行为。这把霰弹枪使用电荷弹药，因此成为破开工事的绝佳工具。敌方部队的装甲通常不如防御工事，就连一台军卫都推得出这种较量的结果。				Ближний бой с механизированными противниками - никогда не был хорошей идеей, а появление импульсного рассеивателя превращает эту мысль в смертельный приговор. Этот дробовик использует импульсные боеприпасы, и в результате получается первоклассный инструмент для прорыва укреплений. Вражеские силы обычно менее бронированы, чем оборонительные точки, и даже милитор смог бы предсказать исход такого столкновения.	Енергетичний дробовик, що робить два потужні залпи, вивільняючи нестабільну енергію при влучанні.		與機械化敵人近距離交戰從來不是什麼好主意，而電荷散射霰彈槍的出現，更是把這個念頭變成了自殺行為。這把霰彈槍使用電荷彈藥，因此成為破開工事的絕佳工具。敵方部隊的裝甲通常不如防禦工事，就連一台軍衛都推得出這種較量的結果。														
ThingDef&APM_Pulse_Proj.label	pulse bullet							脉冲子弹				импульсный заряд	імпульсний снаряд		脈衝子彈														
ThingDef&APM_Ravager_Artillery.label	Starspewer							蹂躏者火炮				звездочёт	артилерія Спустошувача		蹂躪者火砲														
ThingDef&APM_Ravager_Artillery.description	A moveable auto-mortar with integrated hellsphere adjacent technology, this mechanoid siege weapon was intended to be emplaced on larger mechanoid frames. One can almost feel the mechhive’s hate in every blast of the cannon.							一台可移动的自动迫击炮，集成了源自地狱球的相邻技术。这台机械体攻城武器原本是要架设在更大型的机械体机架上的。这门火炮每一次轰鸣，都几乎能让人真切地感受到机械巢群的恨意。				Мобильный автоминомёт со встроенными технологиями адской сферы. Это осадочное орудие механоидов предназначалось для установки на крупные шасси. В каждом залпе этой пушки буквально ощущается ненависть улья механоидов.	Мобільний автоміномет з інтегрованою технологією на основі дезінтегратора. Цю облогову зброю механоїдів призначалося встановлювати на більші механоїдні шасі. У кожному залпі цієї гармати буквально відчувається ненависть мехрою.		一台可移動的自動迫擊炮，整合了源自地獄球的相鄰技術。這台機械體攻城武器原本是要架設在更大型的機械體機架上的。這門火炮每一次轟鳴，都幾乎能讓人真切地感受到機械巢群的恨意。														
ThingDef&APM_ArtilleryProjectile.label	artillery projectile							火炮炮弹				артиллерийский снаряд	артилерійський снаряд		火砲砲彈														
ThingDef&APM_StarfallCarrier.label	starfall carrier							星陨运载弹				снаряд-носитель «Звездопад»	носій «Зорепаду»		星隕運載彈														
ThingDef&APM_StarfallSplitProjectile.label	starfall split projectile							星陨分裂弹				кассетный снаряд «Звездопад»	уламок «Зорепаду»		星隕分裂彈														
ThingDef&APM_Bullet_SatelliteBlaster.label	light charge burst shot							轻型电荷连射弹				лёгкий импульсный заряд	постріл легкого енергозалпу		輕型電荷連射彈														
ThingDef&APM_Gun_Satellite.label	light charge suppressor							轻型电荷压制枪				лёгкий импульсный подавитель	легкий енергоподавлювач		輕型電荷壓制槍														
ThingDef&APM_Gun_Satellite.description	A compact pulse-charged rapid-fire blaster for area suppressive fire in tight spaces. Even better at area denial than its larger, more common sibling, the heavy charge blaster, at the cost of range and damage.							一款紧凑的电荷速射爆破枪，用于在狭窄空间内进行压制射击。它比体型更大、也更为常见的兄弟——重型电荷爆破枪——更擅长区域封锁，代价是射程与伤害。				Компактный скорострельный импульсный бластер для подавления огнём в стеснённых условиях. Удерживает позицию ещё эффективнее, чем его крупный аналог — тяжёлый бластер, но уступает ему в дальности и уроне.	Компактний імпульсний швидкострільний бластер для придушення вогнем у тісних просторах. Він ще краще стримує територію, ніж його більший і поширеніший побратим — важкий зарядовий бластер, — ціною дальності та урону.		一款緊湊的電荷速射爆破槍，用於在狹窄空間內進行壓制射擊。它比體型更大、也更為常見的兄弟——重型電荷爆破槍——更擅長區域封鎖，代價是射程與傷害。														
ThingDef&APM_Weapon_SeveringBlade.label	severing blade							切割刃				рассекающий клинок	розсікаюче лезо		切割刃														
ThingDef&APM_Weapon_SeveringBlade.description	A heavy combat blade integrated with Terminus-derived control matrices. Allows the wielder to channel psychic energy into wide sweeping strikes, cleaving through multiple foes at once.							一柄集成了源自终焉的控制矩阵的重型战刃。它允许持有者将灵能导入大范围的横扫斩击，一次劈开多名敌人。				Тяжёлый боевой клинок, оснащённый управляющими матрицами на основе технологий Терминуса. Позволяет владельцу направлять пси-энергию в широкие размашистые удары, рассекающие сразу нескольких врагов.	Важкий бойовий клинок з інтегрованими керівними матрицями на основі Термінуса. Дозволяє власникові спрямовувати психічну енергію в широкі розмашисті удари, розсікаючи одразу кількох ворогів.		一柄整合了源自終焉的控制矩陣的重型戰刃。它允許持有者將靈能導入大範圍的橫掃斬擊，一次劈開多名敵人。														
DamageDef&APM_SonicVibration.label	sonic vibration							声波震荡				звуковая вибрация	звукова вібрація		聲波震盪														
ThingDef&APM_Siren_ChargeEmitter.label	charge emitter							电荷发射器				звуковой излучатель	зарядний емітер		電荷發射器														
ThingDef&APM_Siren_ChargeEmitter.description	A wave emitting device that fires focused blasts of high frequency vibration at targets. It is capable of bypassing armor as with intense enough emissions, anything in this weapon's way inevitably becomes another medium of transmission.							一台波动发射装置，向目标射出聚焦的高频振动爆发。它能够绕过护甲——当发射强度足够时，挡在这件武器前方的任何东西，都不可避免地会成为传导波动的又一介质。				Волновое устройство, ведущее огонь сфокусированными импульсами высокочастотных вибраций. Способно полностью игнорировать броню: при достаточной мощности излучения любая преграда на пути выстрела неизбежно сама становится проводником волны.	Хвильовий випромінювач, що веде вогонь сфокусованими залпами високочастотних вібрацій по цілях. Здатний обходити броню: за досить інтенсивного випромінювання будь-що на шляху цієї зброї неминуче само стає провідником хвилі.		一台波動發射裝置，向目標射出聚焦的高頻振動爆發。它能夠繞過護甲——當發射強度足夠時，擋在這件武器前方的任何東西，都不可避免地會成為傳導波動的又一介質。														
ThingDef&APM_Proj_SirenChargeEmitter.label	sonic pulse							声波脉冲				звуковой импульс	звуковий імпульс		聲波脈衝														
ThingDef&APM_Weapon_Skipblade.label	skipblade							传送刃				вспышка меч	телепорт-клинок		傳送刃														
ThingDef&APM_Weapon_Skipblade.description	A high-frequency katana integrated with Celerus-derived displacement technology. Enables the wielder to psychically “skip” short distances with each strike, closing gaps instantly or evading counterattacks.							一柄高频太刀，集成了源自疾风的位移技术。它使持有者能在每次挥击时以灵能的方式「跳跃」一小段距离，瞬间拉近距离或规避反击。				Высокочастотная катана со встроенной технологией перемещения на основе разработок Целеруса. Позволяет владельцу ментально «совершать скачок» на небольшие расстояния при каждом ударе, мгновенно сокращая дистанцию или уклоняясь от контратак.	Високочастотна катана з інтегрованою технологією переміщення на основі розробок Целеруса. Дозволяє власникові психічно «перестрибувати» короткі відстані з кожним ударом, миттєво скорочуючи дистанцію або ухиляючись від контратак.		一柄高頻太刀，整合了源自疾風的位移技術。它使持有者能在每次揮擊時以靈能的方式「跳躍」一小段距離，瞬間拉近距離或規避反擊。														
AbilityDef&APM_SkipbladeBlink.label	skip							传送				Скачок клинка	телепорт		傳送														
AbilityDef&APM_SkipbladeBlink.description	Channel the displacement technology embedded in the skipblade to instantly skip to a nearby location.							导引传送刃内置的位移技术，瞬间跳跃至附近位置。				Клинок совершает рывок сквозь пространство, перемещая владельца к врагу.	Спрямувати вбудовану в стрибковий клинок технологію переміщення, щоб миттєво перестрибнути в сусідню точку.		導引傳送刃內建的位移技術，瞬間跳躍至附近位置。														
ThingDef&APM_Gun_Vassal_SwordRifle.label	charge sword rifle							电荷剑刃步枪				импульсная винтовка-клинок	енергомеч-гвинтівка		電荷劍刃步槍														
ThingDef&APM_Gun_Vassal_SwordRifle.description	A charged-shot sword rifle. Weaker than a charge rifle, but more accurate and melee capable.							一款发射电荷的剑刃步枪。威力不及电荷步枪，但精度更高，且可用于近战。				Импульсная винтовка со встроенным лезвием. Слабее стандартной импульсной винтовки, но обладает лучшей точностью и эффективна в ближнем бою.	Енергетична гвинтівка-меч. Слабша за звичайну енергогвинтівку, але точніша й може слугувати зброєю ближнього бою.		一款發射電荷的劍刃步槍。威力不及電荷步槍，但精度更高，且可用於近戰。														
ThingDef&APM_Bullet_ChargeSwordRifle.label	charge shot							电荷射击				импульсный заряд	енергетичний постріл		電荷射擊														
ThingDef&APM_Solus.label	solus							索拉斯				солус	солус		索拉斯														
ThingDef&APM_Solus.description	A reinforced gamma-ray emitter capable of producing a dense, concentrated ball of destructive energy. As the ball passes by targets, it discharges into them and ignites its surroundings. It is a particularly devastating weapon against groups of enemies. The massive energy output requires stabilization protocols to prevent self-damage.							一台经过强化的伽马射线发射器，能够产生致密且高度集中的毁灭性能量球。能量球掠过目标时会向其放电并点燃周围环境。它是对付成群敌人的极具毁灭性的武器。巨大的能量输出需要稳定协议来防止自伤。				Усиленный излучатель гамма-лучей, способный создавать плотную концентрированную сферу разрушительной энергии. Пролетая мимо целей, сфера бьёт по ним электрическими разрядами и поджигает всё вокруг. Исключительно смертоносна против скоплений врагов. Огромное энерговыделение требует протоколов стабилизации для предотвращения самоповреждения.	Посилений випромінювач гамма-променів, здатний генерувати щільну, сфокусовану кулю руйнівної енергії. Пролітаючи повз цілей, куля розряджається в них і підпалює довкілля. Це особливо руйнівна зброя проти груп ворогів. Величезна вихідна потужність вимагає протоколів стабілізації, щоб запобігти самопошкодженню.		一台經過強化的伽馬射線發射器，能夠產生緻密且高度集中的毀滅性能量球。能量球掠過目標時會向其放電並點燃周圍環境。它是對付成群敵人的極具毀滅性的武器。巨大的能量輸出需要穩定協議來防止自傷。														
ThingDef&APM_SolusOrb.label	solus orb							索拉斯宝珠				сфера «Солус»	сфера солуса		索拉斯寶珠														
